Building,Horizon_h,target_col,Model,Status,n,MAE,RMSE,WAPE_pct,sMAPE_pct,MAPE_g_pct,R2,ResidAC1,ResidStd,MAE_peak,RMSE_peak,n_peak
GEO,1,target_point_h1,Persistence_1h,ok,6174,1.487,7.751,5.914,18.297,18.939,0.9928,0.1394,7.751,3.32,16.22,1294
GEO,1,target_point_h1,Persistence_week,ok,6174,33.832,126.629,134.585,61.84,238.266,-0.9118,0.9956,126.629,102.841,223.261,1294
GEO,1,target_point_h1,Static_ES,ok,6174,20.83,92.457,82.862,74.621,58.535,-0.0192,0.9964,90.982,88.025,201.845,1294
GEO,1,target_point_h1,ARX_ES,ok,6174,2.988,11.1,11.886,43.201,20.462,0.9853,0.5716,10.997,10.122,23.813,1294
GEO,1,target_point_h1,ARMAX_ES,ok,6174,2.031,8.139,8.078,43.135,19.836,0.9921,0.2293,8.104,5.673,17.15,1294
ICO,1,target_point_h1,Persistence_1h,ok,6174,2.467,4.23,6.255,15.715,10.846,0.9822,0.2661,4.23,3.032,4.707,750
ICO,1,target_point_h1,Persistence_week,ok,6174,12.857,19.872,32.596,41.601,43.61,0.6067,0.9783,19.865,30.191,37.263,750
ICO,1,target_point_h1,Static_ES,ok,6174,14.66,17.121,37.165,56.029,69.93,0.708,0.96,16.787,24.58,26.713,750
ICO,1,target_point_h1,ARX_ES,ok,6174,2.584,4.15,6.55,27.573,11.386,0.9828,0.2567,4.141,3.099,4.72,750
ICO,1,target_point_h1,ARMAX_ES,ok,6174,2.522,4.343,6.394,29.058,10.984,0.9812,0.196,4.342,3.185,5.821,750
LIB,1,target_point_h1,Persistence_1h,ok,6174,5.946,10.439,7.578,22.853,17.638,0.9697,0.1696,10.438,9.137,15.464,927
LIB,1,target_point_h1,Persistence_week,ok,6174,33.044,46.792,42.112,64.429,90.468,0.3904,0.9682,46.79,58.841,71.973,927
LIB,1,target_point_h1,Static_ES,ok,6174,26.014,33.194,33.153,60.767,139.105,0.6932,0.945,32.685,52.783,61.143,927
LIB,1,target_point_h1,ARX_ES,ok,6174,6.056,10.072,7.718,32.995,20.65,0.9718,0.1029,10.069,9.152,15.114,927
LIB,1,target_point_h1,ARMAX_ES,ok,6174,6.021,10.579,7.674,33.305,17.926,0.9688,0.1643,10.579,9.358,16.153,927
SOC,1,target_point_h1,Persistence_1h,ok,6174,13.584,25.442,9.132,15.6,15.276,0.9567,0.3833,25.441,20.371,37.422,991
SOC,1,target_point_h1,Persistence_week,ok,6174,66.413,95.855,44.644,62.383,77.348,0.3858,0.9667,95.815,126.502,157.219,991
SOC,1,target_point_h1,Static_ES,ok,6174,64.297,83.068,43.221,64.461,94.058,0.5387,0.9479,81.409,150.231,161.246,991
SOC,1,target_point_h1,ARX_ES,ok,6174,13.13,22.821,8.826,30.993,16.23,0.9652,-0.1581,22.802,20.077,33.699,991
SOC,1,target_point_h1,ARMAX_ES,ok,6174,13.701,25.311,9.21,31.546,15.653,0.9572,0.3701,25.31,20.343,37.091,991
STU,1,target_point_h1,Persistence_1h,ok,86,5.88,15.473,6.0,5.741,5.725,0.892,0.2245,15.396,6.857,16.844,43
STU,1,target_point_h1,Persistence_week,ok,86,65.151,80.329,66.481,86.893,58.024,-1.9122,0.9449,46.989,102.477,109.052,43
STU,1,target_point_h1,Static_ES,ok,86,40.371,43.574,41.195,41.064,49.691,0.1431,0.9305,42.307,38.848,44.712,43
STU,1,target_point_h1,ARX_ES,ok,86,7.703,14.829,7.86,8.142,8.325,0.9008,0.1547,14.827,8.471,16.18,43
STU,1,target_point_h1,ARMAX_ES,ok,86,6.561,16.142,6.695,8.256,7.117,0.8824,0.2224,16.01,7.086,16.897,43
U01,1,target_point_h1,Persistence_1h,ok,6174,6.609,11.566,5.866,12.335,13.497,0.9794,-0.0991,11.566,7.782,10.94,670
U01,1,target_point_h1,Persistence_week,ok,6174,41.772,57.232,37.073,62.657,226.645,0.4958,0.9691,57.231,71.188,84.322,670
U01,1,target_point_h1,Static_ES,ok,6174,26.617,37.903,23.623,51.615,377.425,0.7789,0.9428,37.332,31.489,37.016,670
U01,1,target_point_h1,ARX_ES,ok,6174,7.009,11.217,6.221,36.955,33.005,0.9806,-0.0232,11.198,7.646,10.612,670
U01,1,target_point_h1,ARMAX_ES,ok,6174,6.763,11.834,6.002,32.274,14.945,0.9784,-0.1032,11.834,8.141,13.714,670
U01U02,1,target_point_h1,Persistence_1h,ok,225,17.249,26.103,4.479,4.625,4.65,0.9321,0.3586,26.103,18.284,27.691,145
U01U02,1,target_point_h1,Persistence_week,ok,225,170.533,190.22,44.285,51.586,42.843,-2.6083,0.9867,144.083,202.09,218.661,145
U01U02,1,target_point_h1,Static_ES,ok,225,81.309,93.721,21.115,21.684,21.339,0.1241,0.9543,93.529,89.238,101.376,145
U01U02,1,target_point_h1,ARX_ES,ok,225,16.729,24.499,4.344,4.484,4.502,0.9401,0.238,24.498,17.354,25.854,145
U01U02,1,target_point_h1,ARMAX_ES,ok,225,18.189,30.139,4.723,5.42,5.026,0.9094,0.2499,29.948,18.498,27.217,145
U02,1,target_point_h1,Persistence_1h,ok,6168,2.038,4.48,17.217,23.623,30.878,0.899,0.2869,4.48,5.221,10.011,292
U02,1,target_point_h1,Persistence_week,ok,6168,6.928,11.672,58.518,73.081,113.12,0.3147,0.9219,11.667,24.07,28.265,292
U02,1,target_point_h1,Static_ES,ok,6168,9.929,12.982,83.87,98.603,166.037,0.1521,0.9373,12.87,33.701,35.182,292
U02,1,target_point_h1,ARX_ES,ok,6168,2.216,4.169,18.718,54.927,33.669,0.9126,-0.0325,4.166,5.189,8.971,292
U02,1,target_point_h1,ARMAX_ES,ok,6168,2.135,4.224,18.037,53.034,31.248,0.9102,-0.0291,4.203,5.195,9.225,292
U02B,1,target_point_h1,Persistence_1h,ok,6168,1.825,3.241,13.762,21.344,21.964,0.9077,0.0193,3.241,2.415,3.849,1145
U02B,1,target_point_h1,Persistence_week,ok,6168,5.638,8.067,42.519,68.574,55.04,0.4282,0.9097,8.067,8.239,10.755,1145
U02B,1,target_point_h1,Static_ES,ok,6168,5.892,7.747,44.435,68.573,54.035,0.4726,0.9053,7.617,12.119,13.504,1145
U02B,1,target_point_h1,ARX_ES,ok,6168,2.006,3.163,15.125,45.977,22.88,0.9121,0.0152,3.158,2.802,4.116,1145
U02B,1,target_point_h1,ARMAX_ES,ok,6168,1.885,3.228,14.217,42.217,22.187,0.9085,-0.0144,3.215,2.519,3.944,1145
U03,1,target_point_h1,Persistence_1h,ok,6168,4.024,7.406,6.025,13.131,11.11,0.9807,0.0213,7.406,4.709,7.903,940
U03,1,target_point_h1,Persistence_week,ok,6168,24.005,33.308,35.94,66.886,85.049,0.6091,0.9662,33.305,32.159,41.537,940
U03,1,target_point_h1,Static_ES,ok,6168,22.75,30.021,34.061,63.38,132.125,0.6825,0.9631,29.921,36.604,42.486,940
U03,1,target_point_h1,ARX_ES,ok,6168,4.693,7.373,7.026,40.768,16.841,0.9808,0.093,7.364,5.581,8.439,940
U03,1,target_point_h1,ARMAX_ES,ok,6168,4.17,7.564,6.243,34.612,11.997,0.9798,-0.0177,7.554,4.878,7.994,940
U03B,1,target_point_h1,Persistence_1h,ok,6168,1.66,3.629,7.837,14.144,11.544,0.9523,0.0362,3.629,3.498,6.81,313
U03B,1,target_point_h1,Persistence_week,ok,6168,9.131,13.422,43.112,66.104,57.043,0.3481,0.953,13.419,24.682,29.579,313
U03B,1,target_point_h1,Static_ES,ok,6168,8.657,11.37,40.875,67.207,52.655,0.5322,0.9409,11.131,22.479,23.952,313
U03B,1,target_point_h1,ARX_ES,ok,6168,1.866,3.607,8.812,44.145,12.025,0.9529,-0.1674,3.602,3.658,6.771,313
U03B,1,target_point_h1,ARMAX_ES,ok,6168,1.783,3.7,8.417,37.186,12.294,0.9505,-0.1806,3.688,3.66,6.912,313
U04,1,target_point_h1,Persistence_1h,ok,6168,4.029,8.31,2.652,7.335,6.091,0.9957,0.2326,8.309,12.077,18.167,197
U04,1,target_point_h1,Persistence_week,ok,6168,60.966,97.751,40.133,57.87,77.788,0.3982,0.9925,97.609,266.496,287.997,197
U04,1,target_point_h1,Static_ES,ok,6168,84.839,98.41,55.848,62.604,209.404,0.39,0.9847,69.671,191.04,194.767,197
U04,1,target_point_h1,ARX_ES,ok,6168,5.352,8.447,3.523,26.128,11.325,0.9955,0.0616,8.001,12.405,18.267,197
U04,1,target_point_h1,ARMAX_ES,ok,6168,4.411,10.432,2.904,23.88,7.804,0.9931,0.1702,10.431,14.422,39.416,197
U04B,1,target_point_h1,Persistence_1h,ok,6168,0.659,1.552,7.295,7.99,11.525,0.9743,-0.0491,1.552,0.894,2.328,432
U04B,1,target_point_h1,Persistence_week,ok,6168,5.048,8.106,55.91,62.52,71.181,0.3,0.9714,8.089,9.842,13.125,432
U04B,1,target_point_h1,Static_ES,ok,6168,8.533,9.996,94.506,123.0,58.048,-0.0644,0.9868,9.963,17.397,17.599,432
U04B,1,target_point_h1,ARX_ES,ok,6168,0.724,1.537,8.022,88.806,11.956,0.9748,0.0291,1.536,0.908,2.31,432
U04B,1,target_point_h1,ARMAX_ES,ok,6168,0.7,1.554,7.758,87.49,11.879,0.9743,0.0089,1.552,1.006,2.344,432
U05,1,target_point_h1,Persistence_1h,ok,6168,7.45,14.426,11.578,20.034,17.627,0.9416,0.1951,14.426,16.475,25.516,989
U05,1,target_point_h1,Persistence_week,ok,6168,31.486,47.158,48.931,74.447,93.879,0.3764,0.9538,47.156,60.947,77.611,989
U05,1,target_point_h1,Static_ES,ok,6168,31.688,46.223,49.246,77.115,99.953,0.4009,0.944,43.817,89.915,97.578,989
U05,1,target_point_h1,ARX_ES,ok,6168,7.483,13.826,11.629,41.571,19.268,0.9464,-0.0873,13.798,15.892,24.837,989
U05,1,target_point_h1,ARMAX_ES,ok,6168,7.572,14.511,11.768,38.03,18.118,0.941,0.1572,14.511,16.615,25.603,989
U05B,1,target_point_h1,Persistence_1h,ok,6168,0.729,1.467,8.951,14.647,14.251,0.9643,-0.0906,1.467,1.255,2.5,531
U05B,1,target_point_h1,Persistence_week,ok,6168,4.292,6.411,52.735,75.967,64.672,0.3171,0.9601,6.41,10.157,12.322,531
U05B,1,target_point_h1,Static_ES,ok,6168,3.383,4.624,41.559,73.154,46.733,0.6448,0.9438,4.561,7.761,9.361,531
U05B,1,target_point_h1,ARX_ES,ok,6168,0.858,1.488,10.541,54.522,15.654,0.9632,-0.2407,1.487,1.317,2.452,531
U05B,1,target_point_h1,ARMAX_ES,ok,6168,0.817,1.495,10.032,51.859,15.151,0.9629,-0.1431,1.485,1.403,2.562,531
U06,1,target_point_h1,Persistence_1h,ok,6168,4.37,7.696,5.55,9.161,8.771,0.9803,0.1874,7.695,7.845,13.675,527
U06,1,target_point_h1,Persistence_week,ok,6168,33.198,47.243,42.161,61.953,79.79,0.2594,0.9802,47.22,75.767,87.941,527
U06,1,target_point_h1,Static_ES,ok,6168,20.975,30.601,26.638,42.043,96.582,0.6893,0.961,30.363,41.985,52.521,527
U06,1,target_point_h1,ARX_ES,ok,6168,4.617,7.482,5.864,21.278,13.002,0.9814,-0.1365,7.471,7.396,12.703,527
U06,1,target_point_h1,ARMAX_ES,ok,6168,4.448,7.753,5.649,18.128,9.537,0.9801,0.1742,7.752,7.751,13.553,527
U06A,1,target_point_h1,Persistence_1h,ok,6168,1.421,2.95,11.691,20.501,18.938,0.9476,0.3524,2.95,3.912,5.914,317
U06A,1,target_point_h1,Persistence_week,ok,6168,5.318,7.987,43.755,73.297,60.282,0.6155,0.9312,7.985,10.921,13.452,317
U06A,1,target_point_h1,Static_ES,ok,6168,8.766,10.272,72.131,94.766,133.245,0.364,0.9369,8.794,15.602,16.394,317
U06A,1,target_point_h1,ARX_ES,ok,6168,1.511,2.765,12.432,55.021,20.128,0.9539,0.218,2.75,3.599,5.392,317
U06A,1,target_point_h1,ARMAX_ES,ok,6168,1.446,2.869,11.898,51.837,19.44,0.9504,0.2788,2.869,3.743,5.636,317
GEO,3,target_point_h3,Persistence_1h,ok,6174,3.314,14.8,13.161,32.427,37.169,0.9739,0.7359,14.8,8.007,28.973,1283
GEO,3,target_point_h3,Persistence_week,ok,6174,33.88,126.63,134.557,63.493,237.089,-0.9122,0.9956,126.63,103.651,224.215,1283
GEO,3,target_point_h3,Static_ES,ok,6174,20.784,92.44,82.546,72.934,57.913,-0.019,0.9964,90.963,88.646,202.673,1283
GEO,3,target_point_h3,ARX_ES,ok,6174,8.04,30.442,31.929,53.299,37.505,0.8895,0.9348,30.029,30.746,65.98,1283
GEO,3,target_point_h3,ARMAX_ES,ok,6174,2.046,8.143,8.125,42.158,20.072,0.9921,0.2285,8.108,5.723,17.224,1283
ICO,3,target_point_h3,Persistence_1h,ok,6174,5.438,8.712,13.771,26.033,22.067,0.9241,0.7501,8.712,7.079,9.987,748
ICO,3,target_point_h3,Persistence_week,ok,6174,12.844,19.856,32.527,40.764,42.358,0.6057,0.9782,19.851,30.214,37.296,748
ICO,3,target_point_h3,Static_ES,ok,6174,14.563,16.856,36.881,55.8,66.722,0.7159,0.9601,16.48,24.145,26.065,748
ICO,3,target_point_h3,ARX_ES,ok,6174,5.624,8.314,14.243,36.701,24.027,0.9309,0.764,8.277,7.245,9.915,748
ICO,3,target_point_h3,ARMAX_ES,ok,6174,2.538,4.38,6.427,29.438,10.917,0.9808,0.2115,4.377,3.136,5.782,748
LIB,3,target_point_h3,Persistence_1h,ok,6174,12.716,20.349,16.193,37.351,38.669,0.8843,0.7333,20.349,22.659,33.606,925
LIB,3,target_point_h3,Persistence_week,ok,6174,33.124,46.818,42.179,64.606,96.219,0.3878,0.9683,46.816,58.88,72.026,925
LIB,3,target_point_h3,Static_ES,ok,6174,25.555,32.64,32.541,59.526,142.674,0.7024,0.9472,32.164,52.073,60.425,925
LIB,3,target_point_h3,ARX_ES,ok,6174,12.39,18.669,15.778,42.745,49.165,0.9027,0.7006,18.652,22.516,32.721,925
LIB,3,target_point_h3,ARMAX_ES,ok,6174,6.054,10.441,7.709,33.103,19.211,0.9696,0.1368,10.424,9.402,16.05,925
SOC,3,target_point_h3,Persistence_1h,ok,6174,34.382,57.355,23.06,32.315,33.874,0.779,0.8201,57.352,57.96,88.618,991
SOC,3,target_point_h3,Persistence_week,ok,6174,66.478,95.681,44.587,62.703,78.884,0.385,0.967,95.639,126.502,157.219,991
SOC,3,target_point_h3,Static_ES,ok,6174,63.378,81.904,42.508,63.031,91.939,0.5493,0.9473,80.253,148.474,159.533,991
SOC,3,target_point_h3,ARX_ES,ok,6174,31.756,48.625,21.299,42.829,37.307,0.8412,0.589,48.485,59.789,81.396,991
SOC,3,target_point_h3,ARMAX_ES,ok,6174,13.775,25.486,9.239,29.554,15.667,0.9564,0.3771,25.486,20.417,37.352,991
STU,3,target_point_h3,Persistence_1h,ok,84,15.46,31.098,15.564,14.72,15.18,0.5588,0.7348,30.715,17.872,33.999,43
STU,3,target_point_h3,Persistence_week,ok,84,66.464,81.265,66.91,88.317,58.838,-2.0127,0.943,46.759,102.477,109.052,43
STU,3,target_point_h3,Static_ES,ok,84,39.778,42.894,40.045,39.955,47.559,0.1607,0.9267,41.847,38.761,44.399,43
STU,3,target_point_h3,ARX_ES,ok,84,19.89,28.587,20.024,20.132,21.869,0.6272,0.7098,28.56,21.385,31.136,43
STU,3,target_point_h3,ARMAX_ES,ok,84,6.644,16.264,6.688,8.022,7.069,0.8793,0.2239,16.14,7.098,16.903,43
U01,3,target_point_h3,Persistence_1h,ok,6174,11.682,18.943,10.368,18.427,27.393,0.9447,0.6238,18.943,13.045,18.218,668
U01,3,target_point_h3,Persistence_week,ok,6174,41.887,57.311,37.175,62.827,227.902,0.4938,0.969,57.309,71.231,84.39,668
U01,3,target_point_h3,Static_ES,ok,6174,26.189,37.54,23.243,51.095,380.841,0.7828,0.9441,36.884,30.36,35.134,668
U01,3,target_point_h3,ARX_ES,ok,6174,12.397,17.749,11.002,44.39,78.766,0.9514,0.6604,17.674,12.879,17.355,668
U01,3,target_point_h3,ARMAX_ES,ok,6174,6.785,11.698,6.022,34.289,16.146,0.9789,-0.1319,11.698,8.006,13.447,668
U01U02,3,target_point_h3,Persistence_1h,ok,223,36.561,56.544,9.465,9.593,9.719,0.6791,0.8012,56.538,38.459,60.194,145
U01U02,3,target_point_h3,Persistence_week,ok,223,171.588,191.005,44.423,51.84,43.04,-2.6619,0.9867,144.568,202.09,218.661,145
U01U02,3,target_point_h3,Static_ES,ok,223,78.553,90.397,20.337,20.819,20.56,0.1798,0.9527,90.258,85.916,97.403,145
U01U02,3,target_point_h3,ARX_ES,ok,223,34.598,50.722,8.957,9.116,9.13,0.7418,0.7576,50.716,36.558,54.679,145
U01U02,3,target_point_h3,ARMAX_ES,ok,223,18.351,30.634,4.751,5.403,5.061,0.9058,0.3147,30.611,18.338,27.714,145
U02,3,target_point_h3,Persistence_1h,ok,6166,4.356,9.337,36.747,39.713,71.972,0.5611,0.7583,9.337,14.335,22.885,292
U02,3,target_point_h3,Persistence_week,ok,6166,6.948,11.682,58.617,73.574,113.159,0.3129,0.9216,11.677,24.07,28.265,292
U02,3,target_point_h3,Static_ES,ok,6166,9.897,12.94,83.488,98.025,165.906,0.157,0.9377,12.823,33.499,34.932,292
U02,3,target_point_h3,ARX_ES,ok,6166,5.014,8.432,42.299,73.847,82.871,0.642,0.6688,8.417,15.963,21.75,292
U02,3,target_point_h3,ARMAX_ES,ok,6166,2.133,4.242,17.993,52.061,31.278,0.9094,-0.0306,4.218,5.168,9.217,292
U02B,3,target_point_h3,Persistence_1h,ok,6166,3.493,5.678,26.304,35.816,38.607,0.7158,0.6784,5.678,5.214,7.088,1145
U02B,3,target_point_h3,Persistence_week,ok,6166,5.65,8.074,42.549,68.724,55.413,0.4254,0.9097,8.074,8.239,10.755,1145
U02B,3,target_point_h3,Static_ES,ok,6166,5.843,7.669,44.001,67.791,54.354,0.4816,0.9059,7.547,12.004,13.359,1145
U02B,3,target_point_h3,ARX_ES,ok,6166,3.749,5.245,28.234,56.119,38.019,0.7575,0.6981,5.224,6.501,7.99,1145
U02B,3,target_point_h3,ARMAX_ES,ok,6166,1.903,3.234,14.331,43.511,22.506,0.9078,-0.0097,3.221,2.51,3.941,1145
U03,3,target_point_h3,Persistence_1h,ok,6166,8.193,13.303,12.258,22.297,25.046,0.9376,0.7074,13.302,9.792,14.915,942
U03,3,target_point_h3,Persistence_week,ok,6166,24.026,33.288,35.948,67.214,83.914,0.609,0.966,33.285,32.155,41.523,942
U03,3,target_point_h3,Static_ES,ok,6166,22.477,29.557,33.63,62.784,131.477,0.6917,0.9644,29.424,35.586,41.528,942
U03,3,target_point_h3,ARX_ES,ok,6166,9.716,13.021,14.537,50.266,43.471,0.9402,0.7413,12.978,12.661,16.76,942
U03,3,target_point_h3,ARMAX_ES,ok,6166,4.149,7.485,6.208,37.024,12.185,0.9802,-0.0044,7.485,4.697,7.824,942
U03B,3,target_point_h3,Persistence_1h,ok,6166,3.278,6.379,15.458,23.901,21.98,0.8523,0.6767,6.379,8.635,13.573,313
U03B,3,target_point_h3,Persistence_week,ok,6166,9.135,13.415,43.077,66.897,56.942,0.3468,0.9531,13.412,24.682,29.579,313
U03B,3,target_point_h3,Static_ES,ok,6166,8.549,11.192,40.316,66.138,52.621,0.5454,0.9408,10.933,22.1,23.442,313
U03B,3,target_point_h3,ARX_ES,ok,6166,3.734,6.046,17.607,52.28,23.136,0.8673,0.6166,6.017,9.159,13.388,313
U03B,3,target_point_h3,ARMAX_ES,ok,6166,1.787,3.68,8.429,42.296,12.515,0.9509,-0.1713,3.672,3.579,6.856,313
U04,3,target_point_h3,Persistence_1h,ok,6166,9.351,17.15,6.141,14.365,12.337,0.9813,0.7558,17.144,25.901,34.853,195
U04,3,target_point_h3,Persistence_week,ok,6166,61.197,97.782,40.194,58.425,78.329,0.3923,0.9923,97.65,268.027,289.226,195
U04,3,target_point_h3,Static_ES,ok,6166,85.885,98.732,56.409,61.932,218.059,0.3804,0.986,68.749,191.135,194.264,195
U04,3,target_point_h3,ARX_ES,ok,6166,13.685,18.428,8.988,32.818,34.582,0.9784,0.7185,16.346,27.326,36.986,195
U04,3,target_point_h3,ARMAX_ES,ok,6166,4.579,10.195,3.007,24.852,9.44,0.9934,0.0232,10.118,13.217,37.731,195
U04B,3,target_point_h3,Persistence_1h,ok,6166,1.278,2.648,14.126,15.256,21.328,0.9251,0.6692,2.648,1.636,3.628,432
U04B,3,target_point_h3,Persistence_week,ok,6166,5.062,8.11,55.927,62.928,71.17,0.298,0.9712,8.093,9.842,13.125,432
U04B,3,target_point_h3,Static_ES,ok,6166,8.512,9.951,94.051,121.77,57.517,-0.0569,0.9873,9.924,17.289,17.475,432
U04B,3,target_point_h3,ARX_ES,ok,6166,1.432,2.566,15.825,94.543,21.842,0.9297,0.6798,2.565,1.689,3.608,432
U04B,3,target_point_h3,ARMAX_ES,ok,6166,0.713,1.544,7.882,87.598,12.249,0.9746,-0.0027,1.541,0.999,2.338,432
U05,3,target_point_h3,Persistence_1h,ok,6166,16.667,29.731,25.883,36.012,38.833,0.7518,0.7669,29.73,39.213,54.114,989
U05,3,target_point_h3,Persistence_week,ok,6166,31.546,47.212,48.987,74.747,93.754,0.3741,0.9537,47.209,60.947,77.611,989
U05,3,target_point_h3,Static_ES,ok,6166,31.314,45.681,48.628,75.721,100.963,0.4141,0.9449,43.361,89.023,96.519,989
U05,3,target_point_h3,ARX_ES,ok,6166,15.816,26.711,24.561,55.317,44.156,0.7997,0.6621,26.5,37.768,52.219,989
U05,3,target_point_h3,ARMAX_ES,ok,6166,7.585,14.449,11.779,40.334,18.571,0.9414,0.1632,14.394,16.364,25.81,989
U05B,3,target_point_h3,Persistence_1h,ok,6166,1.274,2.394,15.646,22.858,23.018,0.9047,0.6171,2.394,2.557,4.773,531
U05B,3,target_point_h3,Persistence_week,ok,6166,4.29,6.408,52.696,76.255,65.264,0.3172,0.9602,6.406,10.157,12.322,531
U05B,3,target_point_h3,Static_ES,ok,6166,3.342,4.565,41.049,72.643,45.995,0.6534,0.9446,4.496,7.628,9.205,531
U05B,3,target_point_h3,ARX_ES,ok,6166,1.539,2.359,18.903,61.597,23.68,0.9074,0.5483,2.348,2.888,4.833,531
U05B,3,target_point_h3,ARMAX_ES,ok,6166,0.85,1.526,10.447,52.747,15.749,0.9613,-0.1999,1.504,1.521,2.6,531
U06,3,target_point_h3,Persistence_1h,ok,6166,9.468,15.26,11.992,16.78,18.046,0.9221,0.7521,15.256,19.355,28.889,527
U06,3,target_point_h3,Persistence_week,ok,6166,33.239,47.254,42.098,60.868,79.76,0.2532,0.9806,47.228,75.767,87.941,527
U06,3,target_point_h3,Static_ES,ok,6166,20.571,30.15,26.054,40.673,99.02,0.696,0.963,29.833,41.826,51.879,527
U06,3,target_point_h3,ARX_ES,ok,6166,10.016,14.307,12.685,30.087,35.437,0.9315,0.6526,14.229,18.809,26.469,527
U06,3,target_point_h3,ARMAX_ES,ok,6166,4.456,7.66,5.644,18.63,10.304,0.9804,0.1633,7.656,7.658,13.498,527
U06A,3,target_point_h3,Persistence_1h,ok,6166,3.109,6.209,25.549,33.175,38.877,0.7675,0.7628,6.209,10.542,13.936,317
U06A,3,target_point_h3,Persistence_week,ok,6166,5.321,7.978,43.731,73.965,60.307,0.6161,0.9313,7.977,10.921,13.452,317
U06A,3,target_point_h3,Static_ES,ok,6166,8.758,10.208,71.981,94.526,133.695,0.3715,0.9361,8.663,15.284,15.994,317
U06A,3,target_point_h3,ARX_ES,ok,6166,3.365,5.824,27.656,66.299,42.695,0.7954,0.7301,5.749,10.008,13.21,317
U06A,3,target_point_h3,ARMAX_ES,ok,6166,1.468,2.892,12.062,53.354,19.54,0.9496,0.2819,2.89,3.778,5.69,317
GEO,4,target_point_h4,Persistence_1h,ok,6174,4.196,17.486,16.654,39.444,49.475,0.9635,0.7986,17.486,9.879,31.327,1283
GEO,4,target_point_h4,Persistence_week,ok,6174,33.909,126.631,134.591,64.37,236.839,-0.9124,0.9956,126.631,103.651,224.215,1283
GEO,4,target_point_h4,Static_ES,ok,6174,20.782,92.428,82.49,72.205,58.132,-0.0188,0.9964,90.953,88.613,202.647,1283
GEO,4,target_point_h4,ARX_ES,ok,6174,10.483,40.369,41.609,57.541,45.956,0.8056,0.9635,39.791,40.796,87.497,1283
GEO,4,target_point_h4,ARMAX_ES,ok,6174,2.03,8.131,8.059,41.07,20.026,0.9921,0.2267,8.096,5.681,17.194,1283
ICO,4,target_point_h4,Persistence_1h,ok,6174,6.643,10.244,16.807,30.276,26.353,0.8947,0.8143,10.244,8.687,11.913,747
ICO,4,target_point_h4,Persistence_week,ok,6174,12.858,19.855,32.532,40.86,41.951,0.6044,0.9783,19.85,30.23,37.315,747
ICO,4,target_point_h4,Static_ES,ok,6174,14.497,16.751,36.678,55.15,65.584,0.7184,0.9606,16.357,24.042,25.907,747
ICO,4,target_point_h4,ARX_ES,ok,6174,6.729,9.592,17.025,39.203,28.186,0.9077,0.8258,9.539,8.806,11.729,747
ICO,4,target_point_h4,ARMAX_ES,ok,6174,2.558,4.39,6.471,29.03,11.049,0.9807,0.2055,4.388,3.105,5.781,747
LIB,4,target_point_h4,Persistence_1h,ok,6174,15.373,23.934,19.574,41.651,46.157,0.8399,0.7983,23.934,27.959,39.668,924
LIB,4,target_point_h4,Persistence_week,ok,6174,33.151,46.865,42.21,64.464,97.938,0.3862,0.9681,46.864,58.904,72.055,924
LIB,4,target_point_h4,Static_ES,ok,6174,25.556,32.647,32.539,59.263,142.438,0.7021,0.9455,32.181,52.001,60.328,924
LIB,4,target_point_h4,ARX_ES,ok,6174,14.756,21.571,18.789,46.123,60.367,0.87,0.774,21.544,27.681,38.361,924
LIB,4,target_point_h4,ARMAX_ES,ok,6174,6.094,10.51,7.759,32.899,19.606,0.9691,0.1542,10.51,9.433,16.113,924
SOC,4,target_point_h4,Persistence_1h,ok,6174,43.338,70.049,29.047,38.42,42.389,0.6698,0.8669,70.046,74.281,108.319,991
SOC,4,target_point_h4,Persistence_week,ok,6174,66.566,95.757,44.616,63.051,79.644,0.383,0.9669,95.715,126.502,157.219,991
SOC,4,target_point_h4,Static_ES,ok,6174,63.0,81.521,42.226,62.344,93.729,0.5528,0.947,79.887,147.908,159.041,991
SOC,4,target_point_h4,ARX_ES,ok,6174,39.521,58.385,26.489,47.416,48.16,0.7706,0.7105,58.156,77.792,100.647,991
SOC,4,target_point_h4,ARMAX_ES,ok,6174,16298.853,20624.879,10924.233,194.62,25234.107,-28625.1108,0.9506,17361.024,27940.841,31089.419,991
STU,4,target_point_h4,Persistence_1h,ok,83,19.667,36.549,19.664,18.512,19.12,0.3872,0.8149,35.946,22.826,39.928,43
STU,4,target_point_h4,Persistence_week,ok,83,67.169,81.748,67.161,89.134,59.323,-2.0658,0.9419,46.595,102.477,109.052,43
STU,4,target_point_h4,Static_ES,ok,83,39.352,42.473,39.347,39.29,46.375,0.1724,0.9233,41.555,38.739,44.273,43
STU,4,target_point_h4,ARX_ES,ok,83,24.663,32.805,24.66,24.672,27.151,0.5063,0.7951,32.767,25.59,35.725,43
STU,4,target_point_h4,ARMAX_ES,ok,83,6.762,16.322,6.761,8.004,7.158,0.8778,0.2281,16.2,7.153,16.915,43
U01,4,target_point_h4,Persistence_1h,ok,6174,13.832,21.818,12.278,21.693,32.587,0.9266,0.7038,21.818,15.487,21.544,667
U01,4,target_point_h4,Persistence_week,ok,6174,41.934,57.338,37.223,62.997,227.551,0.493,0.9692,57.336,71.253,84.425,667
U01,4,target_point_h4,Static_ES,ok,6174,26.433,37.763,23.464,51.253,381.121,0.7801,0.9438,37.093,30.454,35.255,667
U01,4,target_point_h4,ARX_ES,ok,6174,14.553,20.276,12.918,46.395,94.761,0.9366,0.7485,20.183,15.315,20.468,667
U01,4,target_point_h4,ARMAX_ES,ok,6174,6.841,11.73,6.072,34.012,15.883,0.9788,-0.1291,11.73,8.156,13.577,667
U01U02,4,target_point_h4,Persistence_1h,ok,222,45.465,68.355,11.753,11.869,12.146,0.5294,0.8605,68.348,47.0,71.226,145
U01U02,4,target_point_h4,Persistence_week,ok,222,172.147,191.408,44.5,51.981,43.15,-2.6897,0.9867,144.8,202.09,218.661,145
U01U02,4,target_point_h4,Static_ES,ok,222,76.774,88.621,19.846,20.291,20.068,0.2091,0.9497,88.491,83.582,95.227,145
U01U02,4,target_point_h4,ARX_ES,ok,222,42.853,59.957,11.078,11.31,11.391,0.638,0.83,59.944,44.061,63.37,145
U01U02,4,target_point_h4,ARMAX_ES,ok,222,18.299,30.217,4.73,5.39,5.032,0.908,0.2264,30.046,18.36,26.951,145
U02,4,target_point_h4,Persistence_1h,ok,6165,5.337,10.991,45.011,45.272,89.986,0.3918,0.8209,10.991,18.234,27.089,292
U02,4,target_point_h4,Persistence_week,ok,6165,6.958,11.69,58.687,73.728,114.257,0.312,0.9217,11.684,24.07,28.265,292
U02,4,target_point_h4,Static_ES,ok,6165,9.899,12.925,83.493,98.086,166.32,0.159,0.9376,12.804,33.41,34.827,292
U02,4,target_point_h4,ARX_ES,ok,6165,6.091,9.724,51.373,79.943,104.187,0.5239,0.7675,9.701,20.571,25.716,292
U02,4,target_point_h4,ARMAX_ES,ok,6165,2.143,4.245,18.075,53.387,31.272,0.9093,-0.0338,4.221,5.161,9.214,292
U02B,4,target_point_h4,Persistence_1h,ok,6165,4.193,6.588,31.583,41.023,45.634,0.6174,0.7529,6.588,6.496,8.533,1145
U02B,4,target_point_h4,Persistence_week,ok,6165,5.653,8.079,42.578,68.72,55.82,0.4246,0.9105,8.079,8.239,10.755,1145
U02B,4,target_point_h4,Static_ES,ok,6165,5.841,7.655,43.993,67.673,54.553,0.4835,0.9056,7.538,11.984,13.328,1145
U02B,4,target_point_h4,ARX_ES,ok,6165,4.351,5.911,32.768,59.558,43.507,0.6919,0.7599,5.88,7.969,9.486,1145
U02B,4,target_point_h4,ARMAX_ES,ok,6165,1.902,3.232,14.324,43.534,22.565,0.9079,-0.0108,3.221,2.498,3.94,1145
U03,4,target_point_h4,Persistence_1h,ok,6165,9.891,15.772,14.797,25.785,32.162,0.9122,0.7557,15.772,11.968,17.984,943
U03,4,target_point_h4,Persistence_week,ok,6165,24.037,33.284,35.961,67.33,84.924,0.6088,0.9661,33.281,32.151,41.511,943
U03,4,target_point_h4,Static_ES,ok,6165,22.416,29.454,33.537,62.55,132.694,0.6937,0.9645,29.307,35.366,41.319,943
U03,4,target_point_h4,ARX_ES,ok,6165,11.736,15.395,17.559,52.95,55.873,0.9163,0.7926,15.335,15.842,20.424,943
U03,4,target_point_h4,ARMAX_ES,ok,6165,4.174,7.45,6.244,37.504,12.461,0.9804,-0.0113,7.45,4.734,7.822,943
U03B,4,target_point_h4,Persistence_1h,ok,6165,3.93,7.363,18.527,27.832,26.657,0.8031,0.7212,7.363,10.56,15.606,313
U03B,4,target_point_h4,Persistence_week,ok,6165,9.132,13.41,43.051,67.048,56.745,0.3467,0.9532,13.408,24.682,29.579,313
U03B,4,target_point_h4,Static_ES,ok,6165,8.525,11.138,40.19,65.853,52.914,0.5493,0.9405,10.87,21.952,23.259,313
U03B,4,target_point_h4,ARX_ES,ok,6165,4.513,6.942,21.277,55.41,28.664,0.8249,0.659,6.898,11.138,15.394,313
U03B,4,target_point_h4,ARMAX_ES,ok,6165,1.79,3.67,8.441,42.495,12.534,0.9511,-0.1631,3.662,3.571,6.846,313
U04,4,target_point_h4,Persistence_1h,ok,6165,11.609,20.513,7.619,17.097,15.0,0.9731,0.816,20.505,32.364,41.632,194
U04,4,target_point_h4,Persistence_week,ok,6165,61.281,97.791,40.218,58.539,77.688,0.3897,0.9925,97.662,268.828,289.858,194
U04,4,target_point_h4,Static_ES,ok,6165,86.271,98.932,56.618,61.671,221.56,0.3754,0.9868,68.639,192.207,195.633,194
U04,4,target_point_h4,ARX_ES,ok,6165,17.026,22.379,11.174,34.553,45.137,0.968,0.8073,19.572,34.876,45.661,194
U04,4,target_point_h4,ARMAX_ES,ok,6165,4.567,10.227,2.997,24.228,10.977,0.9933,0.081,10.227,12.847,37.258,194
U04B,4,target_point_h4,Persistence_1h,ok,6165,1.546,3.107,17.071,18.143,26.174,0.8969,0.7499,3.106,1.973,4.14,432
U04B,4,target_point_h4,Persistence_week,ok,6165,5.067,8.111,55.946,63.161,71.326,0.2976,0.9714,8.093,9.842,13.125,432
U04B,4,target_point_h4,Static_ES,ok,6165,8.501,9.931,93.871,121.291,57.467,-0.0532,0.9876,9.907,17.255,17.437,432
U04B,4,target_point_h4,ARX_ES,ok,6165,1.73,2.978,19.104,96.477,26.464,0.9053,0.7538,2.976,2.048,4.117,432
U04B,4,target_point_h4,ARMAX_ES,ok,6165,0.713,1.533,7.877,87.8,12.336,0.9749,0.0294,1.532,0.922,2.312,432
U05,4,target_point_h4,Persistence_1h,ok,6165,20.891,35.721,32.442,42.539,49.642,0.6416,0.8341,35.721,49.84,65.17,989
U05,4,target_point_h4,Persistence_week,ok,6165,31.599,47.289,49.07,74.807,93.111,0.372,0.9532,47.286,60.947,77.611,989
U05,4,target_point_h4,Static_ES,ok,6165,31.185,45.503,48.426,75.257,100.5,0.4185,0.9441,43.214,88.678,96.171,989
U05,4,target_point_h4,ARX_ES,ok,6165,19.278,31.445,29.937,60.137,55.487,0.7223,0.781,31.122,47.972,63.118,989
U05,4,target_point_h4,ARMAX_ES,ok,6165,7.637,14.496,11.86,40.644,18.423,0.941,0.1583,14.496,16.493,25.546,989
U05B,4,target_point_h4,Persistence_1h,ok,6165,1.525,2.734,18.736,26.74,27.344,0.8757,0.7091,2.734,3.086,5.42,531
U05B,4,target_point_h4,Persistence_week,ok,6165,4.293,6.412,52.744,76.452,65.325,0.3162,0.9594,6.411,10.157,12.322,531
U05B,4,target_point_h4,Static_ES,ok,6165,3.34,4.559,41.033,72.599,46.155,0.6544,0.9443,4.488,7.613,9.175,531
U05B,4,target_point_h4,ARX_ES,ok,6165,1.806,2.658,22.192,63.5,27.277,0.8825,0.6925,2.641,3.537,5.556,531
U05B,4,target_point_h4,ARMAX_ES,ok,6165,0.879,1.538,10.804,55.977,16.105,0.9607,-0.2608,1.512,1.492,2.567,531
U06,4,target_point_h4,Persistence_1h,ok,6165,11.482,18.169,14.53,19.516,21.234,0.8893,0.8116,18.165,24.199,34.771,527
U06,4,target_point_h4,Persistence_week,ok,6165,33.263,47.271,42.094,60.511,78.997,0.2507,0.9809,47.244,75.767,87.941,527
U06,4,target_point_h4,Static_ES,ok,6165,20.516,30.101,25.964,40.286,100.346,0.6962,0.9645,29.744,41.866,51.923,527
U06,4,target_point_h4,ARX_ES,ok,6165,12.034,16.875,15.229,32.42,44.799,0.9045,0.7678,16.753,23.614,31.711,527
U06,4,target_point_h4,ARMAX_ES,ok,6165,4.452,7.592,5.634,19.16,10.66,0.9807,0.1595,7.592,7.759,13.547,527
U06A,4,target_point_h4,Persistence_1h,ok,6165,3.816,7.262,31.345,38.641,47.867,0.6817,0.83,7.262,12.715,15.831,317
U06A,4,target_point_h4,Persistence_week,ok,6165,5.329,7.989,43.775,74.304,60.678,0.6148,0.9304,7.988,10.921,13.452,317
U06A,4,target_point_h4,Static_ES,ok,6165,8.756,10.182,71.927,94.381,133.888,0.3743,0.9366,8.605,15.17,15.858,317
U06A,4,target_point_h4,ARX_ES,ok,6165,4.114,6.686,33.797,70.681,53.298,0.7303,0.7972,6.568,11.825,14.728,317
U06A,4,target_point_h4,ARMAX_ES,ok,6165,1.482,2.897,12.172,54.372,19.751,0.9494,0.286,2.895,3.773,5.699,317
GEO,6,target_point_h6,Persistence_1h,ok,6174,5.819,21.715,23.087,51.877,67.097,0.9438,0.8725,21.714,13.57,37.199,1283
GEO,6,target_point_h6,Persistence_week,ok,6174,33.956,126.634,134.721,65.793,237.161,-0.9126,0.9956,126.634,103.651,224.215,1283
GEO,6,target_point_h6,Static_ES,ok,6174,20.805,92.404,82.543,71.564,58.706,-0.0184,0.9964,90.938,88.549,202.591,1283
GEO,6,target_point_h6,ARX_ES,ok,6174,14.519,58.253,57.604,64.189,55.283,0.5953,0.9851,57.378,58.32,127.13,1283
GEO,6,target_point_h6,ARMAX_ES,ok,6174,2.029,8.121,8.049,40.338,19.994,0.9921,0.2247,8.087,5.641,17.169,1283
ICO,6,target_point_h6,Persistence_1h,ok,6174,8.555,12.502,21.61,36.531,32.514,0.8421,0.8776,12.502,11.201,14.822,745
ICO,6,target_point_h6,Persistence_week,ok,6174,12.915,19.882,32.624,41.143,42.06,0.6006,0.978,19.877,30.259,37.352,745
ICO,6,target_point_h6,Static_ES,ok,6174,14.353,16.606,36.255,53.41,67.498,0.7214,0.9592,16.19,24.129,25.924,745
ICO,6,target_point_h6,ARX_ES,ok,6174,8.362,11.328,21.122,41.126,34.592,0.8703,0.8884,11.248,11.313,14.532,745
ICO,6,target_point_h6,ARMAX_ES,ok,6174,2.592,4.425,6.546,27.779,11.657,0.9802,0.2106,4.422,3.185,5.839,745
LIB,6,target_point_h6,Persistence_1h,ok,6174,19.5,29.308,24.846,47.27,58.505,0.7603,0.8643,29.308,36.789,49.123,922
LIB,6,target_point_h6,Persistence_week,ok,6174,33.157,46.95,42.246,64.579,98.988,0.3848,0.9682,46.949,58.948,72.111,922
LIB,6,target_point_h6,Static_ES,ok,6174,25.904,33.089,33.005,59.76,140.327,0.6944,0.9424,32.64,52.203,60.421,922
LIB,6,target_point_h6,ARX_ES,ok,6174,18.254,25.781,23.258,51.458,78.562,0.8145,0.8598,25.73,35.909,46.814,922
LIB,6,target_point_h6,ARMAX_ES,ok,6174,6.152,10.663,7.838,34.436,18.929,0.9683,0.1631,10.651,9.556,16.341,922
SOC,6,target_point_h6,Persistence_1h,ok,6174,58.401,89.725,39.138,49.182,60.489,0.4579,0.9114,89.723,101.836,138.642,991
SOC,6,target_point_h6,Persistence_week,ok,6174,66.836,96.193,44.79,63.76,86.861,0.3769,0.9667,96.158,126.502,157.219,991
SOC,6,target_point_h6,Static_ES,ok,6174,62.576,81.139,41.935,61.814,97.306,0.5567,0.9457,79.555,146.939,158.518,991
SOC,6,target_point_h6,ARX_ES,ok,6174,51.444,71.414,34.475,54.701,70.414,0.6566,0.8338,70.978,106.924,127.598,991
SOC,6,target_point_h6,ARMAX_ES,ok,6174,13.942,25.565,9.343,28.472,16.295,0.956,0.3781,25.565,20.508,37.354,991
STU,6,target_point_h6,Persistence_1h,ok,81,27.066,44.45,26.687,25.469,26.242,0.0816,0.884,43.629,30.581,47.878,43
STU,6,target_point_h6,Persistence_week,ok,81,68.593,82.738,67.632,90.722,60.242,-2.1819,0.9396,46.266,102.477,109.052,43
STU,6,target_point_h6,Static_ES,ok,81,38.187,41.316,37.653,37.653,43.587,0.2065,0.9198,40.669,38.53,43.827,43
STU,6,target_point_h6,ARX_ES,ok,81,31.046,36.845,30.611,30.557,34.133,0.369,0.8848,36.726,31.547,39.689,43
STU,6,target_point_h6,ARMAX_ES,ok,81,6.995,16.66,6.897,8.559,7.446,0.871,0.2214,16.526,7.178,16.93,43
U01,6,target_point_h6,Persistence_1h,ok,6174,17.123,26.218,15.212,25.135,43.161,0.8941,0.784,26.218,18.982,25.909,665
U01,6,target_point_h6,Persistence_week,ok,6174,41.958,57.354,37.275,63.444,227.054,0.4931,0.9698,57.351,71.3,84.497,665
U01,6,target_point_h6,Static_ES,ok,6174,27.528,38.873,24.456,52.335,386.055,0.7672,0.94,38.219,31.424,36.551,665
U01,6,target_point_h6,ARX_ES,ok,6174,17.894,24.341,15.897,49.554,117.01,0.9087,0.8274,24.242,18.931,24.809,665
U01,6,target_point_h6,ARMAX_ES,ok,6174,6.804,11.983,6.045,32.276,14.929,0.9779,-0.0985,11.983,8.209,14.11,665
U01U02,6,target_point_h6,Persistence_1h,ok,220,61.811,87.973,15.931,15.945,16.524,0.2164,0.9114,87.97,65.411,91.276,145
U01U02,6,target_point_h6,Persistence_week,ok,220,173.212,192.204,44.644,52.24,43.351,-2.7406,0.9867,145.301,202.09,218.661,145
U01U02,6,target_point_h6,Static_ES,ok,220,73.104,85.025,18.842,19.197,19.007,0.268,0.9427,84.887,79.602,91.183,145
U01U02,6,target_point_h6,ARX_ES,ok,220,56.786,73.147,14.636,14.84,15.008,0.4582,0.8987,73.123,59.636,77.093,145
U01U02,6,target_point_h6,ARMAX_ES,ok,220,9603.186,10974.639,2475.145,192.213,2562.832,-12194.3249,0.9782,7940.757,9922.151,11061.438,145
U02,6,target_point_h6,Persistence_1h,ok,6163,7.015,13.433,59.198,54.546,115.423,0.0922,0.8874,13.433,25.149,33.313,292
U02,6,target_point_h6,Persistence_week,ok,6163,6.963,11.7,58.757,73.782,113.979,0.3114,0.922,11.693,24.07,28.265,292
U02,6,target_point_h6,Static_ES,ok,6163,9.921,12.902,83.726,98.437,167.284,0.1626,0.9364,12.777,33.298,34.699,292
U02,6,target_point_h6,ARX_ES,ok,6163,7.683,11.239,64.833,88.586,130.865,0.3645,0.8526,11.195,26.706,30.455,292
U02,6,target_point_h6,ARMAX_ES,ok,6163,2.134,4.243,18.009,51.743,31.212,0.9094,-0.0297,4.221,5.186,9.234,292
U02B,6,target_point_h6,Persistence_1h,ok,6163,5.334,8.058,40.274,49.115,57.066,0.4307,0.8382,8.058,8.565,10.793,1145
U02B,6,target_point_h6,Persistence_week,ok,6163,5.636,8.075,42.554,68.111,55.541,0.4283,0.9118,8.075,8.239,10.755,1145
U02B,6,target_point_h6,Static_ES,ok,6163,5.866,7.658,44.292,68.472,54.627,0.4858,0.9064,7.551,11.969,13.296,1145
U02B,6,target_point_h6,ARX_ES,ok,6163,5.237,6.822,39.541,65.245,50.342,0.592,0.8496,6.768,10.198,11.538,1145
U02B,6,target_point_h6,ARMAX_ES,ok,6163,1.864,3.213,14.077,40.713,21.893,0.9095,0.0022,3.203,2.53,3.962,1145
U03,6,target_point_h6,Persistence_1h,ok,6163,12.266,19.187,18.351,30.569,44.046,0.87,0.8358,19.187,15.592,22.751,941
U03,6,target_point_h6,Persistence_week,ok,6163,24.054,33.276,35.988,67.61,82.988,0.6089,0.9661,33.272,32.134,41.516,941
U03,6,target_point_h6,Static_ES,ok,6163,22.58,29.6,33.783,62.64,134.59,0.6905,0.9626,29.441,35.598,41.541,941
U03,6,target_point_h6,ARX_ES,ok,6163,14.532,18.86,21.741,56.244,75.776,0.8744,0.8989,18.774,20.87,26.26,941
U03,6,target_point_h6,ARMAX_ES,ok,6163,4.237,7.563,6.339,34.946,12.369,0.9798,-0.0179,7.544,5.004,8.111,941
U03B,6,target_point_h6,Persistence_1h,ok,6163,4.806,8.541,22.66,33.843,33.621,0.735,0.8087,8.541,13.89,18.499,313
U03B,6,target_point_h6,Persistence_week,ok,6163,9.128,13.41,43.038,67.276,57.308,0.3468,0.9532,13.407,24.682,29.579,313
U03B,6,target_point_h6,Static_ES,ok,6163,8.523,11.129,40.183,65.809,53.572,0.5501,0.9389,10.85,21.77,23.126,313
U03B,6,target_point_h6,ARX_ES,ok,6163,5.524,7.903,26.044,59.004,36.33,0.7731,0.797,7.822,14.485,18.298,313
U03B,6,target_point_h6,ARMAX_ES,ok,6163,1.802,3.693,8.498,40.639,12.639,0.9505,-0.1747,3.686,3.598,6.861,313
U04,6,target_point_h6,Persistence_1h,ok,6163,15.174,25.699,9.955,21.415,18.467,0.9576,0.8777,25.692,42.075,52.545,192
U04,6,target_point_h6,Persistence_week,ok,6163,61.323,97.77,40.231,58.803,77.274,0.3867,0.9926,97.647,270.468,291.142,192
U04,6,target_point_h6,Static_ES,ok,6163,86.442,99.488,56.71,61.353,220.644,0.3649,0.984,69.47,196.873,201.613,192
U04,6,target_point_h6,ARX_ES,ok,6163,21.525,28.309,14.121,36.161,55.99,0.9486,0.8885,24.945,48.521,61.058,192
U04,6,target_point_h6,ARMAX_ES,ok,6163,4.636,10.702,3.042,20.838,8.764,0.9927,0.0283,10.659,14.816,40.932,192
U04B,6,target_point_h6,Persistence_1h,ok,6163,1.977,3.849,21.814,22.804,34.668,0.8418,0.8351,3.849,2.578,5.039,432
U04B,6,target_point_h6,Persistence_week,ok,6163,5.07,8.109,55.943,63.315,71.736,0.2977,0.9717,8.092,9.842,13.125,432
U04B,6,target_point_h6,Static_ES,ok,6163,8.506,9.917,93.861,121.06,58.169,-0.0503,0.9872,9.895,17.267,17.448,432
U04B,6,target_point_h6,ARX_ES,ok,6163,2.211,3.671,24.397,99.367,34.414,0.8561,0.8659,3.668,2.727,5.034,432
U04B,6,target_point_h6,ARMAX_ES,ok,6163,0.72,1.545,7.946,86.982,12.455,0.9745,0.012,1.542,1.002,2.344,432
U05,6,target_point_h6,Persistence_1h,ok,6163,27.928,45.004,43.394,51.931,70.549,0.4314,0.8912,45.004,66.816,81.449,988
U05,6,target_point_h6,Persistence_week,ok,6163,31.649,47.391,49.175,74.574,93.216,0.3695,0.9532,47.387,60.976,77.644,988
U05,6,target_point_h6,Static_ES,ok,6163,31.115,45.346,48.346,75.181,100.079,0.4227,0.9423,43.09,88.311,95.846,988
U05,6,target_point_h6,ARX_ES,ok,6163,24.558,38.092,38.158,67.645,74.57,0.5926,0.8863,37.57,63.967,78.447,988
U05,6,target_point_h6,ARMAX_ES,ok,6163,7.868,14.531,12.225,42.414,19.558,0.9407,0.0427,14.349,16.701,26.467,988
U05B,6,target_point_h6,Persistence_1h,ok,6163,1.933,3.292,23.763,32.595,34.629,0.8198,0.8037,3.292,3.875,6.321,531
U05B,6,target_point_h6,Persistence_week,ok,6163,4.294,6.414,52.778,76.691,65.591,0.3158,0.9598,6.412,10.157,12.322,531
U05B,6,target_point_h6,Static_ES,ok,6163,3.368,4.594,41.404,72.686,46.735,0.649,0.9432,4.521,7.648,9.188,531
U05B,6,target_point_h6,ARX_ES,ok,6163,2.255,3.173,27.722,66.556,33.396,0.8325,0.8189,3.147,4.729,6.686,531
U05B,6,target_point_h6,ARMAX_ES,ok,6163,0.82,1.525,10.084,47.848,15.732,0.9613,-0.232,1.516,1.402,2.515,531
U06,6,target_point_h6,Persistence_1h,ok,6163,14.521,22.635,18.385,24.081,28.055,0.8284,0.871,22.632,31.281,43.224,527
U06,6,target_point_h6,Persistence_week,ok,6163,33.336,47.351,42.207,60.512,78.618,0.249,0.9809,47.326,75.767,87.941,527
U06,6,target_point_h6,Static_ES,ok,6163,20.771,30.453,26.298,40.772,105.208,0.6894,0.9604,30.042,42.201,52.636,527
U06,6,target_point_h6,ARX_ES,ok,6163,14.918,20.753,18.888,36.131,60.804,0.8557,0.8746,20.563,30.759,39.234,527
U06,6,target_point_h6,ARMAX_ES,ok,6163,4.543,7.8,5.752,18.042,9.928,0.9796,0.1671,7.8,7.933,13.715,527
U06A,6,target_point_h6,Persistence_1h,ok,6163,5.099,8.953,41.872,49.246,63.004,0.516,0.8925,8.953,15.951,18.539,317
U06A,6,target_point_h6,Persistence_week,ok,6163,5.343,8.016,43.877,74.537,60.937,0.612,0.9305,8.014,10.921,13.452,317
U06A,6,target_point_h6,Static_ES,ok,6163,8.736,10.142,71.735,94.023,133.267,0.3788,0.9351,8.52,14.978,15.689,317
U06A,6,target_point_h6,ARX_ES,ok,6163,5.422,7.993,44.522,78.26,71.452,0.6142,0.89,7.79,14.298,16.588,317
U06A,6,target_point_h6,ARMAX_ES,ok,6163,1.476,2.894,12.117,52.887,19.692,0.9494,0.2828,2.893,3.782,5.689,317
GEO,8,target_point_h8,Persistence_1h,ok,6174,7.303,25.261,28.976,61.219,83.486,0.9239,0.9067,25.261,17.079,44.591,1282
GEO,8,target_point_h8,Persistence_week,ok,6174,33.973,126.635,134.799,65.546,237.415,-0.9126,0.9956,126.635,103.731,224.302,1282
GEO,8,target_point_h8,Static_ES,ok,6174,20.853,92.388,82.743,71.729,59.167,-0.018,0.9964,90.93,88.588,202.629,1282
GEO,8,target_point_h8,ARX_ES,ok,6174,17.518,73.055,69.511,68.77,59.904,0.3635,0.9926,71.934,71.989,159.999,1282
GEO,8,target_point_h8,ARMAX_ES,ok,6174,2.035,8.111,8.076,40.65,20.293,0.9922,0.2183,8.078,5.62,17.143,1282
ICO,8,target_point_h8,Persistence_1h,ok,6174,10.114,14.274,25.532,41.911,37.753,0.7932,0.9082,14.273,13.435,17.448,743
ICO,8,target_point_h8,Persistence_week,ok,6174,12.97,19.913,32.74,42.069,43.333,0.5975,0.9783,19.908,30.285,37.387,743
ICO,8,target_point_h8,Static_ES,ok,6174,14.281,16.557,36.049,52.327,71.863,0.7217,0.9592,16.133,24.312,26.087,743
ICO,8,target_point_h8,ARX_ES,ok,6174,9.732,12.749,24.566,42.563,40.976,0.835,0.9229,12.652,13.564,17.108,743
ICO,8,target_point_h8,ARMAX_ES,ok,6174,2.594,4.45,6.548,25.564,11.81,0.9799,0.2026,4.448,3.19,6.12,743
LIB,8,target_point_h8,Persistence_1h,ok,6174,22.679,33.155,28.921,52.443,65.621,0.6937,0.8893,33.155,44.207,56.088,919
LIB,8,target_point_h8,Persistence_week,ok,6174,33.066,46.956,42.166,64.286,94.689,0.3857,0.9681,46.955,59.026,72.199,919
LIB,8,target_point_h8,Static_ES,ok,6174,26.352,33.66,33.606,60.51,136.684,0.6843,0.9446,33.214,52.615,60.659,919
LIB,8,target_point_h8,ARX_ES,ok,6174,20.773,28.665,26.491,55.166,88.476,0.7711,0.903,28.591,42.442,52.713,919
LIB,8,target_point_h8,ARMAX_ES,ok,6174,6.072,10.669,7.743,35.119,18.325,0.9683,0.1667,10.669,9.412,16.27,919
SOC,8,target_point_h8,Persistence_1h,ok,6174,70.81,103.593,47.482,56.44,72.955,0.2782,0.9298,103.592,126.314,161.124,990
SOC,8,target_point_h8,Persistence_week,ok,6174,66.933,96.451,44.882,63.758,87.062,0.3743,0.9667,96.422,126.547,157.277,990
SOC,8,target_point_h8,Static_ES,ok,6174,62.442,81.13,41.871,61.876,100.252,0.5573,0.9467,79.592,146.809,158.778,990
SOC,8,target_point_h8,ARX_ES,ok,6174,58.596,78.413,39.292,59.287,83.997,0.5864,0.9018,77.773,127.305,144.954,990
SOC,8,target_point_h8,ARMAX_ES,ok,6174,13.951,25.501,9.355,28.648,16.741,0.9563,0.3746,25.5,20.528,37.333,990
STU,8,target_point_h8,Persistence_1h,ok,79,33.521,51.418,32.589,31.264,31.719,-0.2461,0.9059,50.401,38.5,56.745,43
STU,8,target_point_h8,Persistence_week,ok,79,70.068,83.762,68.119,92.353,61.179,-2.3068,0.9371,45.898,102.477,109.052,43
STU,8,target_point_h8,Static_ES,ok,79,37.033,40.09,36.003,36.034,40.81,0.2425,0.92,39.688,38.568,43.513,43
STU,8,target_point_h8,ARX_ES,ok,79,34.095,38.859,33.147,32.916,36.337,0.2883,0.9123,38.761,35.961,42.822,43
STU,8,target_point_h8,ARMAX_ES,ok,79,7.032,16.896,6.836,8.64,7.452,0.8655,0.2187,16.754,7.012,16.845,43
U01,8,target_point_h8,Persistence_1h,ok,6174,19.035,28.802,16.928,27.809,53.047,0.8723,0.8292,28.801,21.493,29.083,663
U01,8,target_point_h8,Persistence_week,ok,6174,41.927,57.37,37.287,63.696,228.349,0.4935,0.9697,57.368,71.333,84.559,663
U01,8,target_point_h8,Static_ES,ok,6174,28.635,40.047,25.466,53.42,390.756,0.7532,0.9432,39.43,32.581,37.79,663
U01,8,target_point_h8,ARX_ES,ok,6174,19.692,26.873,17.513,51.377,126.99,0.8889,0.8695,26.786,21.311,28.045,663
U01,8,target_point_h8,ARMAX_ES,ok,6174,6.761,12.023,6.013,30.719,14.477,0.9778,-0.0877,12.023,8.225,14.353,663
U01U02,8,target_point_h8,Persistence_1h,ok,218,77.407,103.766,19.895,19.741,20.583,-0.095,0.9348,103.766,82.492,108.958,149
U01U02,8,target_point_h8,Persistence_week,ok,218,174.281,193.007,44.793,52.502,43.556,-2.7882,0.9867,145.813,199.763,216.602,149
U01U02,8,target_point_h8,Static_ES,ok,218,69.655,80.837,17.902,18.229,18.075,0.3355,0.9391,80.672,75.696,85.984,149
U01U02,8,target_point_h8,ARX_ES,ok,218,66.55,81.772,17.104,17.226,17.409,0.32,0.9277,81.736,71.004,87.432,149
U01U02,8,target_point_h8,ARMAX_ES,ok,218,18.8,32.821,4.832,5.521,5.124,0.8905,0.2707,32.799,18.149,27.494,149
U02,8,target_point_h8,Persistence_1h,ok,6161,8.61,15.417,72.752,63.526,137.251,-0.1952,0.9176,15.417,31.912,38.38,292
U02,8,target_point_h8,Persistence_week,ok,6161,6.959,11.701,58.803,74.183,114.886,0.3115,0.9219,11.695,24.07,28.265,292
U02,8,target_point_h8,Static_ES,ok,6161,9.908,12.86,83.718,98.387,167.162,0.1684,0.9369,12.73,33.14,34.515,292
U02,8,target_point_h8,ARX_ES,ok,6161,8.7,12.029,73.51,93.686,147.931,0.2724,0.8844,11.958,30.142,32.821,292
U02,8,target_point_h8,ARMAX_ES,ok,6161,2.138,4.243,18.063,53.586,31.158,0.9095,-0.0191,4.22,5.181,9.247,292
U02B,8,target_point_h8,Persistence_1h,ok,6161,6.32,9.24,47.798,55.483,67.532,0.254,0.8744,9.239,10.489,12.633,1143
U02B,8,target_point_h8,Persistence_week,ok,6161,5.625,8.085,42.544,67.448,55.537,0.4288,0.914,8.085,8.239,10.759,1143
U02B,8,target_point_h8,Static_ES,ok,6161,5.882,7.659,44.485,69.015,54.468,0.4874,0.9086,7.558,11.974,13.273,1143
U02B,8,target_point_h8,ARX_ES,ok,6161,5.712,7.367,43.199,68.389,53.731,0.5257,0.8848,7.287,11.383,12.681,1143
U02B,8,target_point_h8,ARMAX_ES,ok,6161,1.83,3.181,13.841,41.826,21.341,0.9116,0.015,3.169,2.528,3.96,1143
U03,8,target_point_h8,Persistence_1h,ok,6161,14.02,21.413,20.985,34.784,51.705,0.8382,0.8719,21.413,18.332,26.029,938
U03,8,target_point_h8,Persistence_week,ok,6161,24.019,33.229,35.952,67.55,81.964,0.6103,0.9662,33.225,32.092,41.52,938
U03,8,target_point_h8,Static_ES,ok,6161,22.902,29.972,34.28,63.167,135.2,0.6829,0.9628,29.815,35.845,41.836,938
U03,8,target_point_h8,ARX_ES,ok,6161,15.978,20.681,23.915,58.197,83.188,0.849,0.9197,20.594,22.987,28.972,938
U03,8,target_point_h8,ARMAX_ES,ok,6161,4.23,7.608,6.332,32.843,12.304,0.9796,0.0021,7.584,5.223,9.242,938
U03B,8,target_point_h8,Persistence_1h,ok,6161,5.422,9.291,25.579,36.766,37.71,0.687,0.8415,9.291,15.776,19.996,313
U03B,8,target_point_h8,Persistence_week,ok,6161,9.119,13.404,43.022,66.806,57.491,0.3485,0.9533,13.401,24.682,29.579,313
U03B,8,target_point_h8,Static_ES,ok,6161,8.577,11.2,40.466,66.437,53.713,0.5451,0.9387,10.916,21.824,23.217,313
U03B,8,target_point_h8,ARX_ES,ok,6161,6.148,8.425,29.004,61.398,40.665,0.7426,0.8812,8.317,16.475,19.605,313
U03B,8,target_point_h8,ARMAX_ES,ok,6161,1.799,3.69,8.487,40.564,12.364,0.9506,-0.1639,3.682,3.629,6.884,313
U04,8,target_point_h8,Persistence_1h,ok,6161,17.789,29.524,11.683,24.165,23.422,0.944,0.9032,29.52,48.848,61.489,190
U04,8,target_point_h8,Persistence_week,ok,6161,61.232,97.754,40.216,58.542,78.214,0.3858,0.9925,97.633,272.054,292.411,190
U04,8,target_point_h8,Static_ES,ok,6161,86.077,100.011,56.534,61.435,214.279,0.3572,0.9825,70.959,202.14,208.086,190
U04,8,target_point_h8,ARX_ES,ok,6161,24.029,32.344,15.782,37.386,59.689,0.9328,0.9211,29.237,59.386,73.142,190
U04,8,target_point_h8,ARMAX_ES,ok,6161,4.737,11.304,3.111,20.311,8.741,0.9918,0.1823,11.284,15.314,43.807,190
U04B,8,target_point_h8,Persistence_1h,ok,6161,2.292,4.423,25.282,26.008,39.566,0.7912,0.8686,4.422,3.088,5.815,432
U04B,8,target_point_h8,Persistence_week,ok,6161,5.062,8.102,55.83,63.197,71.772,0.2993,0.9721,8.084,9.842,13.125,432
U04B,8,target_point_h8,Static_ES,ok,6161,8.542,9.935,94.211,121.447,58.907,-0.0535,0.987,9.913,17.337,17.521,432
U04B,8,target_point_h8,ARX_ES,ok,6161,2.51,4.19,27.686,101.138,38.483,0.8126,0.8922,4.187,3.259,5.815,432
U04B,8,target_point_h8,ARMAX_ES,ok,6161,0.704,1.55,7.767,86.146,12.26,0.9743,0.0239,1.549,0.986,2.339,432
U05,8,target_point_h8,Persistence_1h,ok,6161,33.394,51.841,51.92,58.86,88.872,0.2461,0.9169,51.841,77.611,91.685,986
U05,8,target_point_h8,Persistence_week,ok,6161,31.639,47.456,49.191,74.163,95.762,0.3682,0.9535,47.453,61.024,77.708,986
U05,8,target_point_h8,Static_ES,ok,6161,31.163,45.291,48.452,75.482,100.623,0.4245,0.9427,43.068,88.101,95.657,986
U05,8,target_point_h8,ARX_ES,ok,6161,28.346,42.196,44.072,72.955,88.033,0.5005,0.925,41.559,74.703,87.227,986
U05,8,target_point_h8,ARMAX_ES,ok,6161,7.707,14.299,11.983,39.335,18.108,0.9426,-0.0678,14.056,16.559,25.561,986
U05B,8,target_point_h8,Persistence_1h,ok,6161,2.252,3.769,27.693,37.199,39.311,0.7638,0.8408,3.769,4.572,7.165,531
U05B,8,target_point_h8,Persistence_week,ok,6161,4.293,6.417,52.793,76.936,65.098,0.3154,0.9598,6.415,10.157,12.322,531
U05B,8,target_point_h8,Static_ES,ok,6161,3.42,4.656,42.065,73.13,47.592,0.6395,0.9446,4.586,7.711,9.254,531
U05B,8,target_point_h8,ARX_ES,ok,6161,2.595,3.605,31.919,68.869,37.718,0.784,0.8814,3.572,5.648,7.624,531
U05B,8,target_point_h8,ARMAX_ES,ok,6161,0.833,1.533,10.242,52.09,15.728,0.9609,-0.2193,1.522,1.449,2.658,531
U06,8,target_point_h8,Persistence_1h,ok,6161,16.493,25.601,20.926,27.504,33.655,0.7818,0.895,25.6,35.63,49.359,527
U06,8,target_point_h8,Persistence_week,ok,6161,33.405,47.437,42.382,61.349,79.519,0.2509,0.9805,47.415,75.767,87.941,527
U06,8,target_point_h8,Static_ES,ok,6161,21.296,31.045,27.019,42.059,110.797,0.6792,0.9592,30.624,43.132,53.702,527
U06,8,target_point_h8,ARX_ES,ok,6161,16.893,23.413,21.433,39.156,73.418,0.8175,0.909,23.195,35.025,44.382,527
U06,8,target_point_h8,ARMAX_ES,ok,6161,4.538,7.912,5.758,18.593,9.443,0.9792,0.1938,7.91,7.993,13.748,527
U06A,8,target_point_h8,Persistence_1h,ok,6161,6.293,10.415,51.673,57.46,75.946,0.3446,0.9183,10.415,19.495,21.433,317
U06A,8,target_point_h8,Persistence_week,ok,6161,5.349,8.036,43.927,74.375,61.727,0.6098,0.9311,8.034,10.921,13.452,317
U06A,8,target_point_h8,Static_ES,ok,6161,8.708,10.114,71.511,93.618,132.187,0.3819,0.9336,8.465,14.795,15.535,317
U06A,8,target_point_h8,ARX_ES,ok,6161,6.438,8.96,52.868,83.22,83.844,0.5149,0.9156,8.702,16.841,18.492,317
U06A,8,target_point_h8,ARMAX_ES,ok,6161,1.479,2.93,12.143,52.286,19.698,0.9481,0.2778,2.929,3.903,6.172,317
