building,mode,seed,target_name,target_family,horizon_hours,n_dynamic_features,n_train_seq,n_fit_val_seq,n_test_seq,status,rmse,mae,r2,wape_pct,mape_pct,baseline_wape_pct,baseline_mape_pct,delta_wape_vs_baseline,delta_mape_vs_baseline,epochs_ran,datetime_test_start,datetime_test_end
LIB,M0,42,target_point_h1,point,1,8,13225,1322,8213,ok,8.410430209193281,5.072017669677734,0.981604278087616,8.824807167053223,6309678.0,7.770542904978523,2370864.9924832196,1.0542642620746996,3938813.0075167804,35,2024-01-02 02:00:00,2024-12-31 01:00:00
LIB,M0,52,target_point_h1,point,1,8,13225,1322,8213,ok,8.441293273480447,5.05623722076416,0.9814689755439758,8.797350883483887,6129535.5,7.770542904978523,2370864.9924832196,1.0268079785053636,3758670.5075167804,35,2024-01-02 02:00:00,2024-12-31 01:00:00
LIB,M0,62,target_point_h1,point,1,8,13225,1322,8213,ok,8.220919594664188,4.982382774353027,0.9824239015579224,8.668850898742676,6183762.0,7.770542904978523,2370864.9924832196,0.8983079937641527,3812897.0075167804,35,2024-01-02 02:00:00,2024-12-31 01:00:00
LIB,M1,42,target_point_h1,point,1,9,13225,1322,8213,ok,8.894449762198088,5.571400165557861,0.9794259667396545,9.693683624267578,13117791.0,7.770542904978523,2370864.9924832196,1.923140719289055,10746926.00751678,35,2024-01-02 02:00:00,2024-12-31 01:00:00
LIB,M1,52,target_point_h1,point,1,9,13225,1322,8213,ok,8.961975729278002,5.3304057121276855,0.9791123867034912,9.27437686920166,6188038.5,7.770542904978523,2370864.9924832196,1.503833964223137,3817173.5075167804,35,2024-01-02 02:00:00,2024-12-31 01:00:00
LIB,M1,62,target_point_h1,point,1,9,13225,1322,8213,ok,8.08773898636826,4.831785678863525,0.9829887747764587,8.406827926635742,5933746.5,7.770542904978523,2370864.9924832196,0.6362850216572191,3562881.5075167804,35,2024-01-02 02:00:00,2024-12-31 01:00:00
LIB,M2,42,target_point_h1,point,1,14,13225,1322,8213,ok,8.361230719109694,4.92437219619751,0.9818188548088074,8.56791877746582,4977160.5,7.770542904978523,2370864.9924832196,0.7973758724872972,2606295.5075167804,35,2024-01-02 02:00:00,2024-12-31 01:00:00
LIB,M2,52,target_point_h1,point,1,14,13225,1322,8213,ok,8.254414619933593,4.915910720825195,0.982280433177948,8.553196907043457,4609280.5,7.770542904978523,2370864.9924832196,0.782654002064934,2238415.5075167804,35,2024-01-02 02:00:00,2024-12-31 01:00:00
LIB,M2,62,target_point_h1,point,1,14,13225,1322,8213,ok,8.243337541952677,4.832905292510986,0.982327938079834,8.40877628326416,4976277.0,7.770542904978523,2370864.9924832196,0.6382333782856371,2605412.0075167804,35,2024-01-02 02:00:00,2024-12-31 01:00:00
LIB,M3,42,target_point_h1,point,1,15,13225,1322,8213,ok,8.575955031348231,5.029675483703613,0.9808730483055115,8.751136779785156,4984069.0,7.770542904978523,2370864.9924832196,0.9805938748066332,2613204.0075167804,35,2024-01-02 02:00:00,2024-12-31 01:00:00
LIB,M3,52,target_point_h1,point,1,15,13225,1322,8213,ok,8.927567090904311,5.175407886505127,0.9792724847793579,9.004695892333984,5666129.5,7.770542904978523,2370864.9924832196,1.2341529873554613,3295264.5075167804,34,2024-01-02 02:00:00,2024-12-31 01:00:00
LIB,M3,62,target_point_h1,point,1,15,13225,1322,8213,ok,8.479245597103324,4.879345893859863,0.9813019633293152,8.489577293395996,5145603.0,7.770542904978523,2370864.9924832196,0.719034388417473,2774738.0075167804,35,2024-01-02 02:00:00,2024-12-31 01:00:00
LIB,M0,42,target_point_h4,point,4,8,13225,1322,8213,ok,17.29393094722602,10.797247886657715,0.9221177697181702,18.79511833190918,30026646.0,19.837539144585197,14857956.661377186,-1.042420812676017,15168689.338622814,35,2024-01-02 02:00:00,2024-12-31 01:00:00
LIB,M0,52,target_point_h4,point,4,8,13225,1322,8213,ok,17.533997563494772,10.733501434326172,0.9199404716491699,18.684152603149414,20848632.0,19.837539144585197,14857956.661377186,-1.1533865414357827,5990675.338622814,35,2024-01-02 02:00:00,2024-12-31 01:00:00
LIB,M0,62,target_point_h4,point,4,8,13225,1322,8213,ok,16.093311014947425,9.872964859008789,0.9325562119483948,17.186189651489258,20017082.0,19.837539144585197,14857956.661377186,-2.651349493095939,5159125.338622814,35,2024-01-02 02:00:00,2024-12-31 01:00:00
LIB,M1,42,target_point_h4,point,4,9,13225,1322,8213,ok,17.11995427776185,10.480104446411133,0.9236768484115601,18.243057250976562,23573694.0,19.837539144585197,14857956.661377186,-1.5944818936086342,8715737.338622814,35,2024-01-02 02:00:00,2024-12-31 01:00:00
LIB,M1,52,target_point_h4,point,4,9,13225,1322,8213,ok,16.87797282841974,10.279966354370117,0.9258191585540771,17.894670486450195,18335106.0,19.837539144585197,14857956.661377186,-1.9428686581350014,3477149.338622814,35,2024-01-02 02:00:00,2024-12-31 01:00:00
LIB,M1,62,target_point_h4,point,4,9,13225,1322,8213,ok,17.284493719647426,10.654467582702637,0.9222027659416199,18.54657554626465,20271662.0,19.837539144585197,14857956.661377186,-1.2909635983205483,5413705.338622814,35,2024-01-02 02:00:00,2024-12-31 01:00:00
LIB,M2,42,target_point_h4,point,4,14,13225,1322,8213,ok,17.10272237957948,10.64461612701416,0.9238304495811462,18.52942657470703,21896864.0,19.837539144585197,14857956.661377186,-1.3081125698781655,7038907.338622814,35,2024-01-02 02:00:00,2024-12-31 01:00:00
LIB,M2,52,target_point_h4,point,4,14,13225,1322,8213,ok,17.381162140756906,10.522594451904297,0.9213300943374634,18.317020416259766,17618068.0,19.837539144585197,14857956.661377186,-1.5205187283254311,2760111.338622814,35,2024-01-02 02:00:00,2024-12-31 01:00:00
LIB,M2,62,target_point_h4,point,4,14,13225,1322,8213,ok,15.998227974992847,9.969779968261719,0.9333508014678955,17.354717254638672,23046552.0,19.837539144585197,14857956.661377186,-2.482821889946525,8188595.338622814,35,2024-01-02 02:00:00,2024-12-31 01:00:00
LIB,M3,42,target_point_h4,point,4,15,13225,1322,8213,ok,17.508273539500813,10.727875709533691,0.9201752543449402,18.674360275268555,22262488.0,19.837539144585197,14857956.661377186,-1.163178869316642,7404531.338622814,35,2024-01-02 02:00:00,2024-12-31 01:00:00
LIB,M3,52,target_point_h4,point,4,15,13225,1322,8213,ok,17.0139166024257,10.395000457763672,0.9246193766593933,18.094913482666016,15638084.0,19.837539144585197,14857956.661377186,-1.7426256619191811,780127.338622814,35,2024-01-02 02:00:00,2024-12-31 01:00:00
LIB,M3,62,target_point_h4,point,4,15,13225,1322,8213,ok,17.325114037604937,11.151373863220215,0.9218366742134094,19.411556243896484,26815834.0,19.837539144585197,14857956.661377186,-0.42598290068871236,11957877.338622814,35,2024-01-02 02:00:00,2024-12-31 01:00:00
LIB,M0,42,target_point_h8,point,8,8,13225,1322,8213,ok,20.880743824071125,13.055558204650879,0.8860620260238647,22.743465423583984,18589980.0,29.198685451231658,15408554.80394118,-6.455220027647673,3181425.196058819,35,2024-01-02 02:00:00,2024-12-31 01:00:00
LIB,M0,52,target_point_h8,point,8,8,13225,1322,8213,ok,20.75189200358646,12.830175399780273,0.8874638676643372,22.35083770751953,12111034.0,29.198685451231658,15408554.80394118,-6.847847743712126,-3297520.803941181,35,2024-01-02 02:00:00,2024-12-31 01:00:00
LIB,M0,62,target_point_h8,point,8,8,13225,1322,8213,ok,20.752616993057693,12.779147148132324,0.8874559998512268,22.26194190979004,11912235.0,29.198685451231658,15408554.80394118,-6.9367435414416185,-3496319.803941181,35,2024-01-02 02:00:00,2024-12-31 01:00:00
LIB,M1,42,target_point_h8,point,8,9,13225,1322,8213,ok,21.039301834416644,12.867844581604004,0.8843250274658203,22.416460037231445,10796403.0,29.198685451231658,15408554.80394118,-6.782225414000212,-4612151.803941181,35,2024-01-02 02:00:00,2024-12-31 01:00:00
LIB,M1,52,target_point_h8,point,8,9,13225,1322,8213,ok,20.868639679440356,13.123383522033691,0.8861940503120422,22.861621856689453,17755504.0,29.198685451231658,15408554.80394118,-6.3370635945422045,2346949.196058819,35,2024-01-02 02:00:00,2024-12-31 01:00:00
LIB,M1,62,target_point_h8,point,8,9,13225,1322,8213,ok,20.002719694231974,12.456890106201172,0.8954426050186157,21.7005558013916,10974712.0,29.198685451231658,15408554.80394118,-7.498129649840056,-4433842.803941181,35,2024-01-02 02:00:00,2024-12-31 01:00:00
LIB,M2,42,target_point_h8,point,8,14,13225,1322,8213,ok,21.122577957260493,13.070491790771484,0.8834075331687927,22.769481658935547,15004380.0,29.198685451231658,15408554.80394118,-6.429203792296111,-404174.80394118093,35,2024-01-02 02:00:00,2024-12-31 01:00:00
LIB,M2,52,target_point_h8,point,8,14,13225,1322,8213,ok,20.929071443667553,13.08381462097168,0.8855339884757996,22.79269027709961,15384964.0,29.198685451231658,15408554.80394118,-6.405995174132048,-23590.80394118093,35,2024-01-02 02:00:00,2024-12-31 01:00:00
LIB,M2,62,target_point_h8,point,8,14,13225,1322,8213,ok,20.88704274634157,13.11496639251709,0.885993242263794,22.84695816040039,15921145.0,29.198685451231658,15408554.80394118,-6.351727290831267,512590.19605881907,35,2024-01-02 02:00:00,2024-12-31 01:00:00
LIB,M3,42,target_point_h8,point,8,15,13225,1322,8213,ok,20.530329156718437,12.913629531860352,0.8898540735244751,22.496219635009766,13456511.0,29.198685451231658,15408554.80394118,-6.702465816221892,-1952043.803941181,35,2024-01-02 02:00:00,2024-12-31 01:00:00
LIB,M3,52,target_point_h8,point,8,15,13225,1322,8213,ok,20.305523140749937,12.687127113342285,0.892253041267395,22.101640701293945,12029249.0,29.198685451231658,15408554.80394118,-7.097044749937712,-3379305.803941181,35,2024-01-02 02:00:00,2024-12-31 01:00:00
LIB,M3,62,target_point_h8,point,8,15,13225,1322,8213,ok,21.155801382337334,13.051017761230469,0.8830404877662659,22.73555564880371,13674069.0,29.198685451231658,15408554.80394118,-6.463129802427947,-1734485.803941181,35,2024-01-02 02:00:00,2024-12-31 01:00:00
LIB,M0,42,target_cum_h4,cumulative,4,8,13225,1322,8213,ok,50.8127618574126,30.82874298095703,0.9573637247085571,13.4124755859375,21036658.0,13.241111520510739,8789370.855249567,0.1713640654267614,12247287.144750433,35,2024-01-02 02:00:00,2024-12-31 01:00:00
LIB,M0,52,target_cum_h4,cumulative,4,8,13225,1322,8213,ok,55.632638608245294,33.43885040283203,0.9488915801048279,14.548040390014648,18974946.0,13.241111520510739,8789370.855249567,1.3069288695039099,10185575.144750433,35,2024-01-02 02:00:00,2024-12-31 01:00:00
LIB,M0,62,target_cum_h4,cumulative,4,8,13225,1322,8213,ok,48.315650669419476,29.141345977783203,0.9614513516426086,12.678350448608398,19890372.0,13.241111520510739,8789370.855249567,-0.5627610719023401,11101001.144750433,35,2024-01-02 02:00:00,2024-12-31 01:00:00
LIB,M1,42,target_cum_h4,cumulative,4,9,13225,1322,8213,ok,53.66481940523862,32.47234344482422,0.9524431824684143,14.127546310424805,22464302.0,13.241111520510739,8789370.855249567,0.8864347899140661,13674931.144750433,35,2024-01-02 02:00:00,2024-12-31 01:00:00
LIB,M1,52,target_cum_h4,cumulative,4,9,13225,1322,8213,ok,48.731131164084935,30.666162490844727,0.9607855081558228,13.341742515563965,20982076.0,13.241111520510739,8789370.855249567,0.10063099505322626,12192705.144750433,35,2024-01-02 02:00:00,2024-12-31 01:00:00
LIB,M1,62,target_cum_h4,cumulative,4,9,13225,1322,8213,ok,48.64393760804757,29.88639259338379,0.9609257578849792,13.002492904663086,17649610.0,13.241111520510739,8789370.855249567,-0.23861861584765265,8860239.144750433,35,2024-01-02 02:00:00,2024-12-31 01:00:00
LIB,M2,42,target_cum_h4,cumulative,4,14,13225,1322,8213,ok,52.599032340196146,32.37040328979492,0.9543133974075317,14.083196640014648,16395025.0,13.241111520510739,8789370.855249567,0.8420851195039099,7605654.144750433,35,2024-01-02 02:00:00,2024-12-31 01:00:00
LIB,M2,52,target_cum_h4,cumulative,4,14,13225,1322,8213,ok,58.2581891373436,35.537933349609375,0.9439536333084106,15.461275100708008,25846480.0,13.241111520510739,8789370.855249567,2.2201635801972692,17057109.14475043,35,2024-01-02 02:00:00,2024-12-31 01:00:00
LIB,M2,62,target_cum_h4,cumulative,4,14,13225,1322,8213,ok,52.99423704664735,33.42322540283203,0.9536243081092834,14.541241645812988,23659596.0,13.241111520510739,8789370.855249567,1.3001301253022497,14870225.144750433,35,2024-01-02 02:00:00,2024-12-31 01:00:00
LIB,M3,42,target_cum_h4,cumulative,4,15,13225,1322,8213,ok,54.235808735730586,33.305091857910156,0.9514257907867432,14.489846229553223,18527284.0,13.241111520510739,8789370.855249567,1.248734709042484,9737913.144750433,35,2024-01-02 02:00:00,2024-12-31 01:00:00
LIB,M3,52,target_cum_h4,cumulative,4,15,13225,1322,8213,ok,54.762194525226526,33.66168212890625,0.9504783749580383,14.644986152648926,15077214.0,13.241111520510739,8789370.855249567,1.4038746321381872,6287843.144750433,35,2024-01-02 02:00:00,2024-12-31 01:00:00
LIB,M3,62,target_cum_h4,cumulative,4,15,13225,1322,8213,ok,52.92932714360726,32.245601654052734,0.9537377953529358,14.028900146484375,16586789.0,13.241111520510739,8789370.855249567,0.7877886259736364,7797418.144750433,35,2024-01-02 02:00:00,2024-12-31 01:00:00
LIB,M0,42,target_cum_h8,cumulative,8,8,13225,1322,8213,ok,127.36708375179789,77.36798095703125,0.9315968751907349,16.835886001586914,354596.40625,18.404474750822256,253122.1909732848,-1.5685887492353423,101474.2152767152,35,2024-01-02 02:00:00,2024-12-31 01:00:00
LIB,M0,52,target_cum_h8,cumulative,8,8,13225,1322,8213,ok,121.2991725355639,74.04388427734375,0.9379592537879944,16.11253547668457,317382.65625,18.404474750822256,253122.1909732848,-2.291939274137686,64260.4652767152,35,2024-01-02 02:00:00,2024-12-31 01:00:00
LIB,M0,62,target_cum_h8,cumulative,8,8,13225,1322,8213,ok,130.88371508709554,81.05387878417969,0.9277675151824951,17.63796615600586,251087.5,18.404474750822256,253122.1909732848,-0.766508594816397,-2034.6909732847998,35,2024-01-02 02:00:00,2024-12-31 01:00:00
LIB,M1,42,target_cum_h8,cumulative,8,9,13225,1322,8213,ok,124.38132443091085,77.74746704101562,0.9347663521766663,16.91846466064453,237155.71875,18.404474750822256,253122.1909732848,-1.4860100901777251,-15966.4722232848,35,2024-01-02 02:00:00,2024-12-31 01:00:00
LIB,M1,52,target_cum_h8,cumulative,8,9,13225,1322,8213,ok,121.87055681003308,74.20476531982422,0.9373733997344971,16.147544860839844,571921.8125,18.404474750822256,253122.1909732848,-2.2569298899824126,318799.62152671523,35,2024-01-02 02:00:00,2024-12-31 01:00:00
LIB,M1,62,target_cum_h8,cumulative,8,9,13225,1322,8213,ok,124.72840024679624,77.21795654296875,0.9344017505645752,16.803239822387695,677151.3125,18.404474750822256,253122.1909732848,-1.601234928434561,424029.12152671523,35,2024-01-02 02:00:00,2024-12-31 01:00:00
LIB,M2,42,target_cum_h8,cumulative,8,14,13225,1322,8213,ok,121.59429613087326,74.22798156738281,0.9376569986343384,16.152597427368164,268374.25,18.404474750822256,253122.1909732848,-2.2518773234540923,15252.0590267152,35,2024-01-02 02:00:00,2024-12-31 01:00:00
LIB,M2,52,target_cum_h8,cumulative,8,14,13225,1322,8213,ok,120.82544469579865,73.36339569091797,0.9384428858757019,15.964455604553223,415556.53125,18.404474750822256,253122.1909732848,-2.4400191462690337,162434.3402767152,35,2024-01-02 02:00:00,2024-12-31 01:00:00
LIB,M2,62,target_cum_h8,cumulative,8,14,13225,1322,8213,ok,118.46634295892864,74.0995101928711,0.9408231973648071,16.1246395111084,426416.40625,18.404474750822256,253122.1909732848,-2.279835239713858,173294.2152767152,35,2024-01-02 02:00:00,2024-12-31 01:00:00
LIB,M3,42,target_cum_h8,cumulative,8,15,13225,1322,8213,ok,129.5046150239442,80.52825927734375,0.9292817115783691,17.52358627319336,763376.0625,18.404474750822256,253122.1909732848,-0.880888477628897,510253.87152671523,35,2024-01-02 02:00:00,2024-12-31 01:00:00
LIB,M3,52,target_cum_h8,cumulative,8,15,13225,1322,8213,ok,121.17663292560782,74.86337280273438,0.9380845427513123,16.290863037109375,259745.921875,18.404474750822256,253122.1909732848,-2.1136117137128814,6623.7309017152,35,2024-01-02 02:00:00,2024-12-31 01:00:00
LIB,M3,62,target_cum_h8,cumulative,8,15,13225,1322,8213,ok,120.8832000191714,75.23565673828125,0.9383840560913086,16.37187385559082,378428.21875,18.404474750822256,253122.1909732848,-2.032600895231436,125306.0277767152,35,2024-01-02 02:00:00,2024-12-31 01:00:00
SOC,M0,42,target_point_h1,point,1,8,13225,1322,8213,ok,16.71758173488319,9.712791442871094,0.9817937612533569,8.85727596282959,10350290.0,9.237617377263193,1047643.2796709184,-0.3803414144336035,9302646.720329082,25,2024-01-02 02:00:00,2024-12-31 01:00:00
SOC,M0,52,target_point_h1,point,1,8,13225,1322,8213,ok,16.72755955838439,9.432239532470703,0.9817720055580139,8.601435661315918,7330886.5,9.237617377263193,1047643.2796709184,-0.6361817159472754,6283243.220329082,35,2024-01-02 02:00:00,2024-12-31 01:00:00
SOC,M0,62,target_point_h1,point,1,8,13225,1322,8213,ok,16.340617417585257,9.307524681091309,0.9826055765151978,8.487706184387207,9086237.0,9.237617377263193,1047643.2796709184,-0.7499111928759863,8038593.720329082,35,2024-01-02 02:00:00,2024-12-31 01:00:00
SOC,M1,42,target_point_h1,point,1,9,13225,1322,8213,ok,17.00649810464233,9.644906044006348,0.9811590313911438,8.795371055603027,7660284.5,9.237617377263193,1047643.2796709184,-0.442246321660166,6612641.220329082,35,2024-01-02 02:00:00,2024-12-31 01:00:00
SOC,M1,52,target_point_h1,point,1,9,13225,1322,8213,ok,16.576175442035964,9.450271606445312,0.9821004271507263,8.617879867553711,6988742.0,9.237617377263193,1047643.2796709184,-0.6197375097094824,5941098.720329082,35,2024-01-02 02:00:00,2024-12-31 01:00:00
SOC,M1,62,target_point_h1,point,1,9,13225,1322,8213,ok,16.306736889051408,9.464954376220703,0.9826775789260864,8.631269454956055,10276147.0,9.237617377263193,1047643.2796709184,-0.6063479223071386,9228503.720329082,35,2024-01-02 02:00:00,2024-12-31 01:00:00
SOC,M2,42,target_point_h1,point,1,14,13225,1322,8213,ok,17.67427522934993,10.26894474029541,0.9796503186225891,9.364442825317383,5755819.0,9.237617377263193,1047643.2796709184,0.1268254480541895,4708175.720329082,35,2024-01-02 02:00:00,2024-12-31 01:00:00
SOC,M2,52,target_point_h1,point,1,14,13225,1322,8213,ok,16.7740524456441,9.796331405639648,0.9816705584526062,8.93345832824707,6896181.0,9.237617377263193,1047643.2796709184,-0.304159049016123,5848537.720329082,27,2024-01-02 02:00:00,2024-12-31 01:00:00
SOC,M2,62,target_point_h1,point,1,14,13225,1322,8213,ok,16.871864762279262,9.740168571472168,0.9814561605453491,8.882243156433105,6385578.5,9.237617377263193,1047643.2796709184,-0.35537422083008785,5337935.220329082,35,2024-01-02 02:00:00,2024-12-31 01:00:00
SOC,M3,42,target_point_h1,point,1,15,13225,1322,8213,ok,17.90505780417095,10.341235160827637,0.9791154265403748,9.430365562438965,7152729.5,9.237617377263193,1047643.2796709184,0.19274818517577152,6105086.220329082,35,2024-01-02 02:00:00,2024-12-31 01:00:00
SOC,M3,52,target_point_h1,point,1,15,13225,1322,8213,ok,17.20584425886031,10.00333023071289,0.980714738368988,9.122223854064941,7785236.0,9.237617377263193,1047643.2796709184,-0.11539352319825191,6737592.720329082,25,2024-01-02 02:00:00,2024-12-31 01:00:00
SOC,M3,62,target_point_h1,point,1,15,13225,1322,8213,ok,17.806467420081443,10.268546104431152,0.9793447852134705,9.364079475402832,5919505.5,9.237617377263193,1047643.2796709184,0.1264620981396387,4871862.220329082,35,2024-01-02 02:00:00,2024-12-31 01:00:00
SOC,M0,42,target_point_h4,point,4,8,13225,1322,8213,ok,36.624686698745286,22.066041946411133,0.9125534892082214,20.131439208984375,15569714.0,29.302284735187705,5313635.533901505,-9.17084552620333,10256078.466098495,35,2024-01-02 02:00:00,2024-12-31 01:00:00
SOC,M0,52,target_point_h4,point,4,8,13225,1322,8213,ok,35.75766826631387,21.376001358032227,0.9166447520256042,19.50189781188965,11296373.0,29.302284735187705,5313635.533901505,-9.800386923298056,5982737.466098495,35,2024-01-02 02:00:00,2024-12-31 01:00:00
SOC,M0,62,target_point_h4,point,4,8,13225,1322,8213,ok,35.01609040018692,20.738834381103516,0.9200662970542908,18.920591354370117,13732108.0,29.302284735187705,5313635.533901505,-10.381693380817588,8418472.466098495,35,2024-01-02 02:00:00,2024-12-31 01:00:00
SOC,M1,42,target_point_h4,point,4,9,13225,1322,8213,ok,35.78073314310109,21.74156951904297,0.9165371656417847,19.83541488647461,17914218.0,29.302284735187705,5313635.533901505,-9.466869848713095,12600582.466098495,35,2024-01-02 02:00:00,2024-12-31 01:00:00
SOC,M1,52,target_point_h4,point,4,9,13225,1322,8213,ok,34.84368168435007,20.621070861816406,0.920851469039917,18.813154220581055,12534027.0,29.302284735187705,5313635.533901505,-10.48913051460665,7220391.466098495,35,2024-01-02 02:00:00,2024-12-31 01:00:00
SOC,M1,62,target_point_h4,point,4,9,13225,1322,8213,ok,38.91183600712401,22.913328170776367,0.9012907147407532,20.904443740844727,18278618.0,29.302284735187705,5313635.533901505,-8.397840994342978,12964982.466098495,35,2024-01-02 02:00:00,2024-12-31 01:00:00
SOC,M2,42,target_point_h4,point,4,14,13225,1322,8213,ok,34.43019184308392,20.602802276611328,0.92271888256073,18.79648780822754,8884434.0,29.302284735187705,5313635.533901505,-10.505796926960166,3570798.466098495,35,2024-01-02 02:00:00,2024-12-31 01:00:00
SOC,M2,52,target_point_h4,point,4,14,13225,1322,8213,ok,36.54565083189192,21.47347068786621,0.9129304885864258,19.590818405151367,9379980.0,29.302284735187705,5313635.533901505,-9.711466330036338,4066344.466098495,35,2024-01-02 02:00:00,2024-12-31 01:00:00
SOC,M2,62,target_point_h4,point,4,14,13225,1322,8213,ok,35.844007123641845,21.226835250854492,0.9162417054176331,19.365808486938477,11436473.0,29.302284735187705,5313635.533901505,-9.936476248249228,6122837.466098495,35,2024-01-02 02:00:00,2024-12-31 01:00:00
SOC,M3,42,target_point_h4,point,4,15,13225,1322,8213,ok,35.02300618042464,20.944299697875977,0.9200347065925598,19.10804557800293,10289271.0,29.302284735187705,5313635.533901505,-10.194239157184775,4975635.466098495,35,2024-01-02 02:00:00,2024-12-31 01:00:00
SOC,M3,52,target_point_h4,point,4,15,13225,1322,8213,ok,36.21531038186318,21.865692138671875,0.914497435092926,19.948654174804688,11569853.0,29.302284735187705,5313635.533901505,-9.353630560383017,6256217.466098495,35,2024-01-02 02:00:00,2024-12-31 01:00:00
SOC,M3,62,target_point_h4,point,4,15,13225,1322,8213,ok,34.66374996337583,20.6286678314209,0.9216668605804443,18.820083618164062,10158995.0,29.302284735187705,5313635.533901505,-10.482201117023642,4845359.466098495,35,2024-01-02 02:00:00,2024-12-31 01:00:00
SOC,M0,42,target_point_h8,point,8,8,13225,1322,8213,ok,42.516787814859086,25.436582565307617,0.8816700577735901,23.235958099365234,36498908.0,47.66648389284044,24310147.54125506,-24.430525793475205,12188760.45874494,35,2024-01-02 02:00:00,2024-12-31 01:00:00
SOC,M0,52,target_point_h8,point,8,8,13225,1322,8213,ok,44.37625850988271,26.231586456298828,0.8710934519767761,23.962181091308594,34548484.0,47.66648389284044,24310147.54125506,-23.704302801531846,10238336.45874494,35,2024-01-02 02:00:00,2024-12-31 01:00:00
SOC,M0,62,target_point_h8,point,8,8,13225,1322,8213,ok,44.99024145491859,26.771312713623047,0.8675016760826111,24.455215454101562,43115204.0,47.66648389284044,24310147.54125506,-23.211268438738877,18805056.45874494,35,2024-01-02 02:00:00,2024-12-31 01:00:00
SOC,M1,42,target_point_h8,point,8,9,13225,1322,8213,ok,42.6324624607675,25.72045135498047,0.8810253143310547,23.49526596069336,41827576.0,47.66648389284044,24310147.54125506,-24.17121793214708,17517428.45874494,35,2024-01-02 02:00:00,2024-12-31 01:00:00
SOC,M1,52,target_point_h8,point,8,9,13225,1322,8213,ok,44.843106212713316,26.401968002319336,0.8683668971061707,24.117822647094727,38969716.0,47.66648389284044,24310147.54125506,-23.548661245745713,14659568.45874494,35,2024-01-02 02:00:00,2024-12-31 01:00:00
SOC,M1,62,target_point_h8,point,8,9,13225,1322,8213,ok,44.640402136738054,26.412525177001953,0.8695542812347412,24.127466201782227,35265548.0,47.66648389284044,24310147.54125506,-23.539017691058213,10955400.45874494,35,2024-01-02 02:00:00,2024-12-31 01:00:00
SOC,M2,42,target_point_h8,point,8,14,13225,1322,8213,ok,40.42783434762568,24.242816925048828,0.8930121064186096,22.14546775817871,24329140.0,47.66648389284044,24310147.54125506,-25.52101613466173,18992.458744939417,35,2024-01-02 02:00:00,2024-12-31 01:00:00
SOC,M2,52,target_point_h8,point,8,14,13225,1322,8213,ok,42.22422157595463,25.461822509765625,0.8832929730415344,23.259014129638672,32579368.0,47.66648389284044,24310147.54125506,-24.407469763201767,8269220.458744939,35,2024-01-02 02:00:00,2024-12-31 01:00:00
SOC,M2,62,target_point_h8,point,8,14,13225,1322,8213,ok,44.18427045747587,26.470857620239258,0.8722063899040222,24.180753707885742,29133046.0,47.66648389284044,24310147.54125506,-23.485730184954697,4822898.458744939,35,2024-01-02 02:00:00,2024-12-31 01:00:00
SOC,M3,42,target_point_h8,point,8,15,13225,1322,8213,ok,43.08592687556533,26.051633834838867,0.8784809112548828,23.79779624938965,30150954.0,47.66648389284044,24310147.54125506,-23.86868764345079,5840806.458744939,35,2024-01-02 02:00:00,2024-12-31 01:00:00
SOC,M3,52,target_point_h8,point,8,15,13225,1322,8213,ok,42.26815207325132,25.62818145751953,0.8830500245094299,23.410978317260742,33609696.0,47.66648389284044,24310147.54125506,-24.255505575579697,9299548.45874494,35,2024-01-02 02:00:00,2024-12-31 01:00:00
SOC,M3,62,target_point_h8,point,8,15,13225,1322,8213,ok,41.840336632623426,25.006973266601562,0.885405421257019,22.84351348876953,28286776.0,47.66648389284044,24310147.54125506,-24.822970404070908,3976628.4587449394,35,2024-01-02 02:00:00,2024-12-31 01:00:00
SOC,M0,42,target_cum_h4,cumulative,4,8,13225,1322,8213,ok,101.14313418986976,59.23206329345703,0.9572017788887024,13.506341934204102,24020282.0,18.925300137357986,1877269.279901194,-5.418958203153885,22143012.720098805,35,2024-01-02 02:00:00,2024-12-31 01:00:00
SOC,M0,52,target_cum_h4,cumulative,4,8,13225,1322,8213,ok,101.41715080085073,59.30031204223633,0.9569695591926575,13.521905899047852,37991120.0,18.925300137357986,1877269.279901194,-5.403394238310135,36113850.72009881,35,2024-01-02 02:00:00,2024-12-31 01:00:00
SOC,M0,62,target_cum_h4,cumulative,4,8,13225,1322,8213,ok,97.60693254707884,56.95414352416992,0.9601420760154724,12.986921310424805,26850090.0,18.925300137357986,1877269.279901194,-5.938378826933182,24972820.720098805,35,2024-01-02 02:00:00,2024-12-31 01:00:00
SOC,M1,42,target_cum_h4,cumulative,4,9,13225,1322,8213,ok,99.08526453735439,57.91938400268555,0.9589256048202515,13.20702075958252,19390604.0,18.925300137357986,1877269.279901194,-5.718279377775467,17513334.720098805,35,2024-01-02 02:00:00,2024-12-31 01:00:00
SOC,M1,52,target_cum_h4,cumulative,4,9,13225,1322,8213,ok,102.12611401626178,61.064666748046875,0.9563658237457275,13.924220085144043,20754650.0,18.925300137357986,1877269.279901194,-5.001080052213943,18877380.720098805,35,2024-01-02 02:00:00,2024-12-31 01:00:00
SOC,M1,62,target_cum_h4,cumulative,4,9,13225,1322,8213,ok,103.33341628860917,59.914188385009766,0.9553280472755432,13.661882400512695,25040004.0,18.925300137357986,1877269.279901194,-5.263417736845291,23162734.720098805,35,2024-01-02 02:00:00,2024-12-31 01:00:00
SOC,M2,42,target_cum_h4,cumulative,4,14,13225,1322,8213,ok,109.04206470440663,64.7633285522461,0.9502559304237366,14.76760482788086,18521472.0,18.925300137357986,1877269.279901194,-4.157695309477127,16644202.720098807,35,2024-01-02 02:00:00,2024-12-31 01:00:00
SOC,M2,52,target_cum_h4,cumulative,4,14,13225,1322,8213,ok,102.9664311195644,61.142093658447266,0.9556447863578796,13.941875457763672,18036286.0,18.925300137357986,1877269.279901194,-4.9834246795943145,16159016.720098807,35,2024-01-02 02:00:00,2024-12-31 01:00:00
SOC,M2,62,target_cum_h4,cumulative,4,14,13225,1322,8213,ok,109.63171658443555,65.71724700927734,0.9497165083885193,14.985121726989746,21510210.0,18.925300137357986,1877269.279901194,-3.9401784103682402,19632940.720098805,35,2024-01-02 02:00:00,2024-12-31 01:00:00
SOC,M3,42,target_cum_h4,cumulative,4,15,13225,1322,8213,ok,106.64074748161464,64.07672119140625,0.9524227380752563,14.611042022705078,15099261.0,18.925300137357986,1877269.279901194,-4.314258114652908,13221991.720098807,35,2024-01-02 02:00:00,2024-12-31 01:00:00
SOC,M3,52,target_cum_h4,cumulative,4,15,13225,1322,8213,ok,106.37635868697518,62.87103271484375,0.9526583552360535,14.336115837097168,22277524.0,18.925300137357986,1877269.279901194,-4.589184300260818,20400254.720098805,35,2024-01-02 02:00:00,2024-12-31 01:00:00
SOC,M3,62,target_cum_h4,cumulative,4,15,13225,1322,8213,ok,108.71870059642453,63.27950668334961,0.9505505561828613,14.429258346557617,15763891.0,18.925300137357986,1877269.279901194,-4.496041790800369,13886621.720098807,35,2024-01-02 02:00:00,2024-12-31 01:00:00
SOC,M0,42,target_cum_h8,cumulative,8,8,13225,1322,8213,ok,273.37278519907574,160.66773986816406,0.9178798794746399,18.32786750793457,4318067.5,29.07006320599239,276762.97328886366,-10.74219569805782,4041304.526711136,35,2024-01-02 02:00:00,2024-12-31 01:00:00
SOC,M0,52,target_cum_h8,cumulative,8,8,13225,1322,8213,ok,262.78206571701196,153.77777099609375,0.9241194725036621,17.541908264160156,3673560.25,29.07006320599239,276762.97328886366,-11.528154941832234,3396797.276711136,35,2024-01-02 02:00:00,2024-12-31 01:00:00
SOC,M0,62,target_cum_h8,cumulative,8,8,13225,1322,8213,ok,253.09196543697314,148.7153778076172,0.9296124577522278,16.96442413330078,4175170.25,29.07006320599239,276762.97328886366,-12.10563907269161,3898407.276711136,35,2024-01-02 02:00:00,2024-12-31 01:00:00
SOC,M1,42,target_cum_h8,cumulative,8,9,13225,1322,8213,ok,264.0028113013193,159.404052734375,0.9234127998352051,18.1837158203125,3158894.0,29.07006320599239,276762.97328886366,-10.88634738567989,2882131.026711136,35,2024-01-02 02:00:00,2024-12-31 01:00:00
SOC,M1,52,target_cum_h8,cumulative,8,9,13225,1322,8213,ok,248.40732521153637,148.8245391845703,0.9321940541267395,16.976877212524414,4379106.0,29.07006320599239,276762.97328886366,-12.093185993467976,4102343.026711136,35,2024-01-02 02:00:00,2024-12-31 01:00:00
SOC,M1,62,target_cum_h8,cumulative,8,9,13225,1322,8213,ok,254.58522486340405,153.5597381591797,0.9287794232368469,17.51703643798828,3684473.0,29.07006320599239,276762.97328886366,-11.55302676800411,3407710.026711136,35,2024-01-02 02:00:00,2024-12-31 01:00:00
SOC,M2,42,target_cum_h8,cumulative,8,14,13225,1322,8213,ok,253.2131559452431,151.08139038085938,0.9295450448989868,17.234323501586914,1813457.625,29.07006320599239,276762.97328886366,-11.835739704405476,1536694.6517111363,35,2024-01-02 02:00:00,2024-12-31 01:00:00
SOC,M2,52,target_cum_h8,cumulative,8,14,13225,1322,8213,ok,255.84888575827333,151.5272674560547,0.9280706644058228,17.285186767578125,2939369.5,29.07006320599239,276762.97328886366,-11.784876438414265,2662606.526711136,35,2024-01-02 02:00:00,2024-12-31 01:00:00
SOC,M2,62,target_cum_h8,cumulative,8,14,13225,1322,8213,ok,256.11902140411206,151.24441528320312,0.9279186725616455,17.252920150756836,2155340.75,29.07006320599239,276762.97328886366,-11.817143055235555,1878577.7767111363,35,2024-01-02 02:00:00,2024-12-31 01:00:00
SOC,M3,42,target_cum_h8,cumulative,8,15,13225,1322,8213,ok,242.71689720227556,145.4696044921875,0.9352650046348572,16.59416961669922,2921228.25,29.07006320599239,276762.97328886366,-12.475893589293172,2644465.276711136,35,2024-01-02 02:00:00,2024-12-31 01:00:00
SOC,M3,52,target_cum_h8,cumulative,8,15,13225,1322,8213,ok,235.97589919311676,141.94496154785156,0.9388108849525452,16.192102432250977,3350002.75,29.07006320599239,276762.97328886366,-12.877960773741414,3073239.776711136,35,2024-01-02 02:00:00,2024-12-31 01:00:00
SOC,M3,62,target_cum_h8,cumulative,8,15,13225,1322,8213,ok,248.43529087068126,149.6438751220703,0.932178795337677,17.070341110229492,2913547.25,29.07006320599239,276762.97328886366,-11.999722095762898,2636784.276711136,35,2024-01-02 02:00:00,2024-12-31 01:00:00
U02B,M0,42,target_point_h1,point,1,8,13225,1322,8206,ok,2.8673903889812884,1.7328590154647827,0.9299952387809753,17.835479736328125,7360258.5,13.884755536370642,3878528.9660061244,3.9507241999574827,3481729.5339938756,35,2024-01-02 02:00:00,2024-12-30 18:00:00
U02B,M0,52,target_point_h1,point,1,8,13225,1322,8206,ok,2.937562333115248,1.7764840126037598,0.9265269637107849,18.28449058532715,6888219.5,13.884755536370642,3878528.9660061244,4.399735048956506,3009690.5339938756,35,2024-01-02 02:00:00,2024-12-30 18:00:00
U02B,M0,62,target_point_h1,point,1,8,13225,1322,8206,ok,2.803767911570629,1.7028348445892334,0.9330673217773438,17.52645492553711,6989460.0,13.884755536370642,3878528.9660061244,3.641699389166467,3110931.0339938756,35,2024-01-02 02:00:00,2024-12-30 18:00:00
U02B,M1,42,target_point_h1,point,1,9,13225,1322,8206,ok,2.7370428531011193,1.6749716997146606,0.9362152218818665,17.239673614501953,6918885.0,13.884755536370642,3878528.9660061244,3.354918078131311,3040356.0339938756,35,2024-01-02 02:00:00,2024-12-30 18:00:00
U02B,M1,52,target_point_h1,point,1,9,13225,1322,8206,ok,2.9062585317835117,1.7712795734405518,0.9280844926834106,18.230924606323242,6912501.5,13.884755536370642,3878528.9660061244,4.3461690699526,3033972.5339938756,32,2024-01-02 02:00:00,2024-12-30 18:00:00
U02B,M1,62,target_point_h1,point,1,9,13225,1322,8206,ok,2.7757946045219053,1.7239887714385986,0.9343962669372559,17.744182586669922,8350953.0,13.884755536370642,3878528.9660061244,3.8594270502992796,4472424.033993876,35,2024-01-02 02:00:00,2024-12-30 18:00:00
U02B,M2,42,target_point_h1,point,1,14,13225,1322,8206,ok,2.763933947103772,1.714078426361084,0.9349557161331177,17.642181396484375,8541880.0,13.884755536370642,3878528.9660061244,3.7574258601137327,4663351.033993876,35,2024-01-02 02:00:00,2024-12-30 18:00:00
U02B,M2,52,target_point_h1,point,1,14,13225,1322,8206,ok,3.010242778327465,1.8285094499588013,0.922846257686615,18.819963455200195,8188149.0,13.884755536370642,3878528.9660061244,4.935207918829553,4309620.033993876,35,2024-01-02 02:00:00,2024-12-30 18:00:00
U02B,M2,62,target_point_h1,point,1,14,13225,1322,8206,ok,2.8508595893614954,1.7579971551895142,0.9308000802993774,18.094215393066406,7480070.5,13.884755536370642,3878528.9660061244,4.209459856695764,3601541.5339938756,35,2024-01-02 02:00:00,2024-12-30 18:00:00
U02B,M3,42,target_point_h1,point,1,15,13225,1322,8206,ok,2.9254435406734425,1.795222520828247,0.9271318912506104,18.477357864379883,8767868.0,13.884755536370642,3878528.9660061244,4.5926023280092405,4889339.033993876,35,2024-01-02 02:00:00,2024-12-30 18:00:00
U02B,M3,52,target_point_h1,point,1,15,13225,1322,8206,ok,3.0990175043862975,1.8693782091140747,0.9182285070419312,19.2406063079834,7809572.0,13.884755536370642,3878528.9660061244,5.355850771612756,3931043.0339938756,35,2024-01-02 02:00:00,2024-12-30 18:00:00
U02B,M3,62,target_point_h1,point,1,15,13225,1322,8206,ok,2.701328011038992,1.655905842781067,0.9378689527511597,17.043439865112305,7476421.0,13.884755536370642,3878528.9660061244,3.1586843287416624,3597892.0339938756,35,2024-01-02 02:00:00,2024-12-30 18:00:00
U02B,M0,42,target_point_h4,point,4,8,13225,1322,8203,ok,4.29529423159936,2.606621503829956,0.8427401781082153,26.841489791870117,8381047.5,31.847385992553036,8695017.342517022,-5.005896200682919,-313969.84251702204,35,2024-01-02 02:00:00,2024-12-30 15:00:00
U02B,M0,52,target_point_h4,point,4,8,13225,1322,8203,ok,4.1737616341363895,2.541240930557251,0.8515133857727051,26.168237686157227,8838709.0,31.847385992553036,8695017.342517022,-5.67914830639581,143691.65748297796,35,2024-01-02 02:00:00,2024-12-30 15:00:00
U02B,M0,62,target_point_h4,point,4,8,13225,1322,8203,ok,4.417912409496526,2.6672654151916504,0.8336333632469177,27.465965270996094,9908414.0,31.847385992553036,8695017.342517022,-4.3814207215569425,1213396.657482978,35,2024-01-02 02:00:00,2024-12-30 15:00:00
U02B,M1,42,target_point_h4,point,4,9,13225,1322,8203,ok,4.500969464459309,2.683854341506958,0.8273192048072815,27.63678741455078,9645565.0,31.847385992553036,8695017.342517022,-4.210598578002255,950547.657482978,35,2024-01-02 02:00:00,2024-12-30 15:00:00
U02B,M1,52,target_point_h4,point,4,9,13225,1322,8203,ok,4.599564797090246,2.745469808578491,0.8196710348129272,28.271268844604492,9661645.0,31.847385992553036,8695017.342517022,-3.576117147948544,966627.657482978,35,2024-01-02 02:00:00,2024-12-30 15:00:00
U02B,M1,62,target_point_h4,point,4,9,13225,1322,8203,ok,4.673876687613359,2.7961673736572266,0.813797116279602,28.793323516845703,10317245.0,31.847385992553036,8695017.342517022,-3.054062475707333,1622227.657482978,35,2024-01-02 02:00:00,2024-12-30 15:00:00
U02B,M2,42,target_point_h4,point,4,14,13225,1322,8203,ok,4.6101466680600725,2.8477578163146973,0.8188403844833374,29.324573516845703,16296425.0,31.847385992553036,8695017.342517022,-2.522812475707333,7601407.657482978,29,2024-01-02 02:00:00,2024-12-30 15:00:00
U02B,M2,52,target_point_h4,point,4,14,13225,1322,8203,ok,4.603696888335813,2.75898814201355,0.8193469047546387,28.41047477722168,11662080.0,31.847385992553036,8695017.342517022,-3.4369112153313566,2967062.657482978,35,2024-01-02 02:00:00,2024-12-30 15:00:00
U02B,M2,62,target_point_h4,point,4,14,13225,1322,8203,ok,4.680689225267488,2.879343032836914,0.8132538795471191,29.64982032775879,12531992.0,31.847385992553036,8695017.342517022,-2.197565664794247,3836974.657482978,35,2024-01-02 02:00:00,2024-12-30 15:00:00
U02B,M3,42,target_point_h4,point,4,15,13225,1322,8203,ok,4.571361558286768,2.7732019424438477,0.8218756914138794,28.556838989257812,12561020.0,31.847385992553036,8695017.342517022,-3.2905470032952238,3866002.657482978,33,2024-01-02 02:00:00,2024-12-30 15:00:00
U02B,M3,52,target_point_h4,point,4,15,13225,1322,8203,ok,4.427281609377301,2.7371678352355957,0.8329269886016846,28.185781478881836,13678114.0,31.847385992553036,8695017.342517022,-3.6616045136712003,4983096.657482978,35,2024-01-02 02:00:00,2024-12-30 15:00:00
U02B,M3,62,target_point_h4,point,4,15,13225,1322,8203,ok,4.801539833717958,2.873532295227051,0.8034862279891968,29.589984893798828,13478489.0,31.847385992553036,8695017.342517022,-2.257401098754208,4783471.657482978,35,2024-01-02 02:00:00,2024-12-30 15:00:00
U02B,M0,42,target_point_h8,point,8,8,13225,1322,8199,ok,4.944182883117681,3.0056819915771484,0.7912092208862305,30.966079711914062,14402825.0,48.05899736663431,14132148.690000834,-17.092917654720246,270676.30999916606,35,2024-01-02 02:00:00,2024-12-30 11:00:00
U02B,M0,52,target_point_h8,point,8,8,13225,1322,8199,ok,4.812606215853027,2.9943950176239014,0.8021742105484009,30.84979820251465,17777134.0,48.05899736663431,14132148.690000834,-17.20919916411966,3644985.309999166,35,2024-01-02 02:00:00,2024-12-30 11:00:00
U02B,M0,62,target_point_h8,point,8,8,13225,1322,8199,ok,4.7559171261893995,2.9121570587158203,0.8068072199821472,30.002538681030273,16269052.0,48.05899736663431,14132148.690000834,-18.056458685604035,2136903.309999166,35,2024-01-02 02:00:00,2024-12-30 11:00:00
U02B,M1,42,target_point_h8,point,8,9,13225,1322,8199,ok,5.0844497496978125,3.0321812629699707,0.7791942954063416,31.23908805847168,12390034.0,48.05899736663431,14132148.690000834,-16.81990930816263,-1742114.690000834,35,2024-01-02 02:00:00,2024-12-30 11:00:00
U02B,M1,52,target_point_h8,point,8,9,13225,1322,8199,ok,4.7598319442317605,2.895526170730591,0.8064890503883362,29.831201553344727,13479777.0,48.05899736663431,14132148.690000834,-18.227795813289582,-652371.690000834,35,2024-01-02 02:00:00,2024-12-30 11:00:00
U02B,M1,62,target_point_h8,point,8,9,13225,1322,8199,ok,4.7119374392230995,2.8664746284484863,0.81036376953125,29.53189468383789,11389035.0,48.05899736663431,14132148.690000834,-18.527102682796418,-2743113.690000834,35,2024-01-02 02:00:00,2024-12-30 11:00:00
U02B,M2,42,target_point_h8,point,8,14,13225,1322,8199,ok,4.965825401761158,3.118447780609131,0.7893772721290588,32.12785339355469,19137168.0,48.05899736663431,14132148.690000834,-15.931143973079621,5005019.309999166,35,2024-01-02 02:00:00,2024-12-30 11:00:00
U02B,M2,52,target_point_h8,point,8,14,13225,1322,8199,ok,4.683689450518307,2.9498438835144043,0.8126306533813477,30.39080810546875,17682068.0,48.05899736663431,14132148.690000834,-17.66818926116556,3549919.309999166,35,2024-01-02 02:00:00,2024-12-30 11:00:00
U02B,M2,62,target_point_h8,point,8,14,13225,1322,8199,ok,4.911982012513866,3.0283029079437256,0.7939199805259705,31.199132919311523,17731414.0,48.05899736663431,14132148.690000834,-16.859864447322785,3599265.309999166,35,2024-01-02 02:00:00,2024-12-30 11:00:00
U02B,M3,42,target_point_h8,point,8,15,13225,1322,8199,ok,4.998065955903398,3.092442750930786,0.7866334915161133,31.859933853149414,16502152.0,48.05899736663431,14132148.690000834,-16.199063513484894,2370003.309999166,35,2024-01-02 02:00:00,2024-12-30 11:00:00
U02B,M3,52,target_point_h8,point,8,15,13225,1322,8199,ok,5.1280925073239345,3.227583885192871,0.7753874063491821,33.252227783203125,19498030.0,48.05899736663431,14132148.690000834,-14.806769583431183,5365881.309999166,35,2024-01-02 02:00:00,2024-12-30 11:00:00
U02B,M3,62,target_point_h8,point,8,15,13225,1322,8199,ok,4.701155849123599,2.8925087451934814,0.8112305998802185,29.800113677978516,14556388.0,48.05899736663431,14132148.690000834,-18.258883688655793,424239.30999916606,35,2024-01-02 02:00:00,2024-12-30 11:00:00
U02B,M0,42,target_cum_h4,cumulative,4,8,13225,1322,8203,ok,14.815429397833446,8.802416801452637,0.8780551552772522,22.656869888305664,17558744.0,21.441462022996763,9407180.370033968,1.2154078653089009,8151563.629966032,35,2024-01-02 02:00:00,2024-12-30 15:00:00
U02B,M0,52,target_cum_h4,cumulative,4,8,13225,1322,8203,ok,15.503812259572744,9.16019058227539,0.866459846496582,23.577756881713867,20685478.0,21.441462022996763,9407180.370033968,2.136294858717104,11278297.629966032,35,2024-01-02 02:00:00,2024-12-30 15:00:00
U02B,M0,62,target_cum_h4,cumulative,4,8,13225,1322,8203,ok,14.518287439158092,8.662075996398926,0.8828976154327393,22.29564094543457,13263133.0,21.441462022996763,9407180.370033968,0.8541789224378071,3855952.6299660318,35,2024-01-02 02:00:00,2024-12-30 15:00:00
U02B,M1,42,target_cum_h4,cumulative,4,9,13225,1322,8203,ok,14.985627473072949,8.840385437011719,0.8752372860908508,22.75459861755371,19160336.0,21.441462022996763,9407180.370033968,1.3131365945569478,9753155.629966032,35,2024-01-02 02:00:00,2024-12-30 15:00:00
U02B,M1,52,target_cum_h4,cumulative,4,9,13225,1322,8203,ok,15.11484558733255,9.004685401916504,0.8730764389038086,23.17749786376953,20262670.0,21.441462022996763,9407180.370033968,1.736035840772768,10855489.629966032,35,2024-01-02 02:00:00,2024-12-30 15:00:00
U02B,M1,62,target_cum_h4,cumulative,4,9,13225,1322,8203,ok,16.374871406341448,9.514451026916504,0.8510327935218811,24.489601135253906,16855388.0,21.441462022996763,9407180.370033968,3.048139112257143,7448207.629966032,35,2024-01-02 02:00:00,2024-12-30 15:00:00
U02B,M2,42,target_cum_h4,cumulative,4,14,13225,1322,8203,ok,15.281780709566325,9.207188606262207,0.8702573180198669,23.698726654052734,19443640.0,21.441462022996763,9407180.370033968,2.257264631055971,10036459.629966032,35,2024-01-02 02:00:00,2024-12-30 15:00:00
U02B,M2,52,target_cum_h4,cumulative,4,14,13225,1322,8203,ok,15.537557568370573,9.263025283813477,0.8658778667449951,23.84244728088379,20467646.0,21.441462022996763,9407180.370033968,2.400985257887026,11060465.629966032,35,2024-01-02 02:00:00,2024-12-30 15:00:00
U02B,M2,62,target_cum_h4,cumulative,4,14,13225,1322,8203,ok,14.021631695188253,8.642224311828613,0.8907725214958191,22.244543075561523,22013522.0,21.441462022996763,9407180.370033968,0.8030810525647603,12606341.629966032,35,2024-01-02 02:00:00,2024-12-30 15:00:00
U02B,M3,42,target_cum_h4,cumulative,4,15,13225,1322,8203,ok,14.952964279602567,9.067601203918457,0.8757805824279785,23.33943748474121,20418530.0,21.441462022996763,9407180.370033968,1.8979754617444478,11011349.629966032,35,2024-01-02 02:00:00,2024-12-30 15:00:00
U02B,M3,52,target_cum_h4,cumulative,4,15,13225,1322,8203,ok,15.35071115244314,9.300393104553223,0.8690842390060425,23.938629150390625,21366918.0,21.441462022996763,9407180.370033968,2.497167127393862,11959737.629966032,35,2024-01-02 02:00:00,2024-12-30 15:00:00
U02B,M3,62,target_cum_h4,cumulative,4,15,13225,1322,8203,ok,16.69450180091815,9.688446998596191,0.8451604843139648,24.937456130981445,24523204.0,21.441462022996763,9407180.370033968,3.495994107984682,15116023.629966032,35,2024-01-02 02:00:00,2024-12-30 15:00:00
U02B,M0,42,target_cum_h8,cumulative,8,8,13225,1322,8199,ok,30.530178461237334,18.067583084106445,0.8638205528259277,23.259925842285156,9262463.0,30.282002421146284,6433476.063525473,-7.022076578861128,2828986.936474527,35,2024-01-02 02:00:00,2024-12-30 11:00:00
U02B,M0,52,target_cum_h8,cumulative,8,8,13225,1322,8199,ok,31.28291040485903,18.399682998657227,0.8570227026939392,23.68746566772461,11578212.0,30.282002421146284,6433476.063525473,-6.594536753421675,5144735.936474527,35,2024-01-02 02:00:00,2024-12-30 11:00:00
U02B,M0,62,target_cum_h8,cumulative,8,8,13225,1322,8199,ok,31.82491277666268,18.49643898010254,0.8520253896713257,23.812026977539062,10176601.0,30.282002421146284,6433476.063525473,-6.469975443607222,3743124.936474527,35,2024-01-02 02:00:00,2024-12-30 11:00:00
U02B,M1,42,target_cum_h8,cumulative,8,9,13225,1322,8199,ok,32.294654389673184,19.217411041259766,0.8476248383522034,24.740196228027344,14536412.0,30.282002421146284,6433476.063525473,-5.541806193118941,8102935.936474527,35,2024-01-02 02:00:00,2024-12-30 11:00:00
U02B,M1,52,target_cum_h8,cumulative,8,9,13225,1322,8199,ok,32.296850432380594,18.60320281982422,0.8476041555404663,23.949474334716797,10778709.0,30.282002421146284,6433476.063525473,-6.3325280864294875,4345232.936474527,35,2024-01-02 02:00:00,2024-12-30 11:00:00
U02B,M1,62,target_cum_h8,cumulative,8,9,13225,1322,8199,ok,31.491127338890532,18.5473575592041,0.8551130294799805,23.877578735351562,14922839.0,30.282002421146284,6433476.063525473,-6.404423685794722,8489362.936474528,35,2024-01-02 02:00:00,2024-12-30 11:00:00
U02B,M2,42,target_cum_h8,cumulative,8,14,13225,1322,8199,ok,30.87817761830098,18.435333251953125,0.860698401927948,23.733362197875977,17081632.0,30.282002421146284,6433476.063525473,-6.548640223270308,10648155.936474528,35,2024-01-02 02:00:00,2024-12-30 11:00:00
U02B,M2,52,target_cum_h8,cumulative,8,14,13225,1322,8199,ok,31.288324156394587,18.572731018066406,0.8569731712341309,23.910245895385742,19451204.0,30.282002421146284,6433476.063525473,-6.371756525760542,13017727.936474528,35,2024-01-02 02:00:00,2024-12-30 11:00:00
U02B,M2,62,target_cum_h8,cumulative,8,14,13225,1322,8199,ok,29.670674714072163,17.75993537902832,0.8713802695274353,22.863862991333008,19981394.0,30.282002421146284,6433476.063525473,-7.418139429813277,13547917.936474528,35,2024-01-02 02:00:00,2024-12-30 11:00:00
U02B,M3,42,target_cum_h8,cumulative,8,15,13225,1322,8199,ok,28.964197617961794,17.641460418701172,0.8774323463439941,22.711341857910156,13236019.0,30.282002421146284,6433476.063525473,-7.570660563236128,6802542.936474527,35,2024-01-02 02:00:00,2024-12-30 11:00:00
U02B,M3,52,target_cum_h8,cumulative,8,15,13225,1322,8199,ok,32.45505831988097,19.743459701538086,0.8461074829101562,25.417421340942383,15717639.0,30.282002421146284,6433476.063525473,-4.864581080203902,9284162.936474528,35,2024-01-02 02:00:00,2024-12-30 11:00:00
U02B,M3,62,target_cum_h8,cumulative,8,15,13225,1322,8199,ok,31.662620633961367,18.43287467956543,0.8535307049751282,23.730195999145508,17499854.0,30.282002421146284,6433476.063525473,-6.551806422000777,11066377.936474528,35,2024-01-02 02:00:00,2024-12-30 11:00:00
U03,M0,42,target_point_h1,point,1,8,13225,1322,8206,ok,9.328890923983517,5.313815116882324,0.9706020951271057,10.877917289733887,13711553.0,6.06675127892308,2138138.8880570894,4.8111660108108065,11573414.11194291,35,2024-01-02 02:00:00,2024-12-30 18:00:00
U03,M0,52,target_point_h1,point,1,8,13225,1322,8206,ok,8.253832302673956,4.946714878082275,0.9769873023033142,10.126424789428711,14766514.0,6.06675127892308,2138138.8880570894,4.059673510505631,12628375.11194291,35,2024-01-02 02:00:00,2024-12-30 18:00:00
U03,M0,62,target_point_h1,point,1,8,13225,1322,8206,ok,8.76905361310622,5.207522869110107,0.9740246534347534,10.66032600402832,20188368.0,6.06675127892308,2138138.8880570894,4.59357472510524,18050229.11194291,35,2024-01-02 02:00:00,2024-12-30 18:00:00
U03,M1,42,target_point_h1,point,1,9,13225,1322,8206,ok,9.920295457439291,5.5518012046813965,0.9667565822601318,11.365097045898438,14431816.0,6.06675127892308,2138138.8880570894,5.298345766975357,12293677.11194291,35,2024-01-02 02:00:00,2024-12-30 18:00:00
U03,M1,52,target_point_h1,point,1,9,13225,1322,8206,ok,8.624612993044103,5.1109185218811035,0.9748733043670654,10.462567329406738,18026454.0,6.06675127892308,2138138.8880570894,4.395816050483658,15888315.11194291,35,2024-01-02 02:00:00,2024-12-30 18:00:00
U03,M1,62,target_point_h1,point,1,9,13225,1322,8206,ok,8.677659863159167,5.295162200927734,0.9745632410049438,10.839731216430664,34447364.0,6.06675127892308,2138138.8880570894,4.772979937507584,32309225.11194291,35,2024-01-02 02:00:00,2024-12-30 18:00:00
U03,M2,42,target_point_h1,point,1,14,13225,1322,8206,ok,10.432616776142579,6.156464576721191,0.9632343053817749,12.6029052734375,8751509.0,6.06675127892308,2138138.8880570894,6.53615399451442,6613370.111942911,35,2024-01-02 02:00:00,2024-12-30 18:00:00
U03,M2,52,target_point_h1,point,1,14,13225,1322,8206,ok,11.033448775533614,6.653165817260742,0.9588775634765625,13.619702339172363,6879669.5,6.06675127892308,2138138.8880570894,7.552951060249283,4741530.611942911,35,2024-01-02 02:00:00,2024-12-30 18:00:00
U03,M2,62,target_point_h1,point,1,14,13225,1322,8206,ok,9.567455329242504,5.738677024841309,0.969079315662384,11.747650146484375,10595820.0,6.06675127892308,2138138.8880570894,5.680898867561295,8457681.11194291,35,2024-01-02 02:00:00,2024-12-30 18:00:00
U03,M3,42,target_point_h1,point,1,15,13225,1322,8206,ok,10.63472742331293,6.375308513641357,0.9617959856987,13.050899505615234,6896762.5,6.06675127892308,2138138.8880570894,6.984148226692154,4758623.611942911,35,2024-01-02 02:00:00,2024-12-30 18:00:00
U03,M3,52,target_point_h1,point,1,15,13225,1322,8206,ok,9.938054291243489,6.030810356140137,0.9666374921798706,12.345677375793457,9417895.0,6.06675127892308,2138138.8880570894,6.278926096870377,7279756.111942911,35,2024-01-02 02:00:00,2024-12-30 18:00:00
U03,M3,62,target_point_h1,point,1,15,13225,1322,8206,ok,10.648089284933794,6.261924743652344,0.9616999626159668,12.818792343139648,6481302.0,6.06675127892308,2138138.8880570894,6.752041064216568,4343163.111942911,35,2024-01-02 02:00:00,2024-12-30 18:00:00
U03,M0,42,target_point_h4,point,4,8,13225,1322,8203,ok,14.998895731651224,9.239334106445312,0.923965334892273,18.922704696655273,19763704.0,14.881227123289353,4239222.917975345,4.0414775733659205,15524481.082024656,35,2024-01-02 02:00:00,2024-12-30 15:00:00
U03,M0,52,target_point_h4,point,4,8,13225,1322,8203,ok,15.047992985627944,9.089666366577148,0.923466682434082,18.616174697875977,15941098.0,14.881227123289353,4239222.917975345,3.7349475745866236,11701875.082024656,35,2024-01-02 02:00:00,2024-12-30 15:00:00
U03,M0,62,target_point_h4,point,4,8,13225,1322,8203,ok,15.599763310911012,9.37431526184082,0.9177512526512146,19.199153900146484,13476655.0,14.881227123289353,4239222.917975345,4.317926776857131,9237432.082024656,35,2024-01-02 02:00:00,2024-12-30 15:00:00
U03,M1,42,target_point_h4,point,4,9,13225,1322,8203,ok,15.680200345063456,9.446831703186035,0.9169008731842041,19.347671508789062,19403710.0,14.881227123289353,4239222.917975345,4.46644438549971,15164487.082024656,35,2024-01-02 02:00:00,2024-12-30 15:00:00
U03,M1,52,target_point_h4,point,4,9,13225,1322,8203,ok,15.35571021814722,9.296565055847168,0.9203046560287476,19.0399169921875,13831506.0,14.881227123289353,4239222.917975345,4.158689868898147,9592283.082024656,35,2024-01-02 02:00:00,2024-12-30 15:00:00
U03,M1,62,target_point_h4,point,4,9,13225,1322,8203,ok,14.795547764195083,9.08458137512207,0.9260129928588867,18.605762481689453,13194508.0,14.881227123289353,4239222.917975345,3.7245353584001,8955285.082024656,35,2024-01-02 02:00:00,2024-12-30 15:00:00
U03,M2,42,target_point_h4,point,4,14,13225,1322,8203,ok,16.215948961822182,10.08266544342041,0.9111253619194031,20.6498966217041,11903823.0,14.881227123289353,4239222.917975345,5.768669498414749,7664600.082024655,35,2024-01-02 02:00:00,2024-12-30 15:00:00
U03,M2,52,target_point_h4,point,4,14,13225,1322,8203,ok,15.397047656550457,9.769448280334473,0.9198749661445618,20.00840950012207,10889550.0,14.881227123289353,4239222.917975345,5.127182376832717,6650327.082024655,35,2024-01-02 02:00:00,2024-12-30 15:00:00
U03,M2,62,target_point_h4,point,4,14,13225,1322,8203,ok,16.773088171723366,10.565801620483398,0.9049134254455566,21.639389038085938,17035232.0,14.881227123289353,4239222.917975345,6.758161914796585,12796009.082024656,35,2024-01-02 02:00:00,2024-12-30 15:00:00
U03,M3,42,target_point_h4,point,4,15,13225,1322,8203,ok,14.988621274159785,9.432324409484863,0.9240694642066956,19.317960739135742,13638080.0,14.881227123289353,4239222.917975345,4.436733615846389,9398857.082024656,35,2024-01-02 02:00:00,2024-12-30 15:00:00
U03,M3,52,target_point_h4,point,4,15,13225,1322,8203,ok,16.41300828063864,10.249027252197266,0.9089521765708923,20.990615844726562,19949800.0,14.881227123289353,4239222.917975345,6.10938872143721,15710577.082024656,35,2024-01-02 02:00:00,2024-12-30 15:00:00
U03,M3,62,target_point_h4,point,4,15,13225,1322,8203,ok,15.499455596223271,9.786702156066895,0.9188055992126465,20.043746948242188,14936659.0,14.881227123289353,4239222.917975345,5.162519824952835,10697436.082024656,35,2024-01-02 02:00:00,2024-12-30 15:00:00
U03,M0,42,target_point_h8,point,8,8,13225,1322,8199,ok,19.294071627087213,11.938369750976562,0.8741016387939453,24.46561622619629,16820370.0,20.9972997424087,5406063.5567796705,3.4683164837875893,11414306.443220329,35,2024-01-02 02:00:00,2024-12-30 11:00:00
U03,M0,52,target_point_h8,point,8,8,13225,1322,8199,ok,17.758066842657204,11.204934120178223,0.8933493494987488,22.962566375732422,17081480.0,20.9972997424087,5406063.5567796705,1.965266633323722,11675416.443220329,35,2024-01-02 02:00:00,2024-12-30 11:00:00
U03,M0,62,target_point_h8,point,8,8,13225,1322,8199,ok,17.235395800741077,10.74806022644043,0.8995350003242493,22.02627944946289,13609200.0,20.9972997424087,5406063.5567796705,1.0289797070541908,8203136.4432203295,35,2024-01-02 02:00:00,2024-12-30 11:00:00
U03,M1,42,target_point_h8,point,8,9,13225,1322,8199,ok,18.75621641741412,11.667553901672363,0.881023108959198,23.91062355041504,14421317.0,20.9972997424087,5406063.5567796705,2.9133238080063393,9015253.443220329,35,2024-01-02 02:00:00,2024-12-30 11:00:00
U03,M1,52,target_point_h8,point,8,9,13225,1322,8199,ok,18.264855596231026,11.586663246154785,0.8871752023696899,23.74485206604004,17043188.0,20.9972997424087,5406063.5567796705,2.7475523236313393,11637124.443220329,35,2024-01-02 02:00:00,2024-12-30 11:00:00
U03,M1,62,target_point_h8,point,8,9,13225,1322,8199,ok,17.946327722153562,11.055017471313477,0.8910760283470154,22.655338287353516,9988543.0,20.9972997424087,5406063.5567796705,1.6580385449448158,4582479.4432203295,35,2024-01-02 02:00:00,2024-12-30 11:00:00
U03,M2,42,target_point_h8,point,8,14,13225,1322,8199,ok,19.033194206161326,11.842708587646484,0.8774832487106323,24.269573211669922,11995855.0,20.9972997424087,5406063.5567796705,3.272273469261222,6589791.4432203295,35,2024-01-02 02:00:00,2024-12-30 11:00:00
U03,M2,52,target_point_h8,point,8,14,13225,1322,8199,ok,18.537170184976908,11.391651153564453,0.8837858438491821,23.3452091217041,10513455.0,20.9972997424087,5406063.5567796705,2.3479093792954018,5107391.4432203295,35,2024-01-02 02:00:00,2024-12-30 11:00:00
U03,M2,62,target_point_h8,point,8,14,13225,1322,8199,ok,17.56613653687205,10.956008911132812,0.8956422805786133,22.452436447143555,10222548.0,20.9972997424087,5406063.5567796705,1.455136704734855,4816484.4432203295,35,2024-01-02 02:00:00,2024-12-30 11:00:00
U03,M3,42,target_point_h8,point,8,15,13225,1322,8199,ok,19.347309629314825,12.229024887084961,0.873405933380127,25.061260223388672,10945470.0,20.9972997424087,5406063.5567796705,4.063960480979972,5539406.4432203295,35,2024-01-02 02:00:00,2024-12-30 11:00:00
U03,M3,52,target_point_h8,point,8,15,13225,1322,8199,ok,18.21649689916653,11.463726043701172,0.8877718448638916,23.4929141998291,13620314.0,20.9972997424087,5406063.5567796705,2.4956144574204018,8214250.4432203295,35,2024-01-02 02:00:00,2024-12-30 11:00:00
U03,M3,62,target_point_h8,point,8,15,13225,1322,8199,ok,18.247785041904315,11.529540061950684,0.8873859643936157,23.627788543701172,13875881.0,20.9972997424087,5406063.5567796705,2.630488801292472,8469817.443220329,35,2024-01-02 02:00:00,2024-12-30 11:00:00
U03,M0,42,target_cum_h4,cumulative,4,8,13225,1322,8203,ok,50.11407640869854,29.596435546875,0.9465022683143616,15.151223182678223,49110040.0,9.912970651949088,4222334.671422151,5.2382525307291345,44887705.32857785,35,2024-01-02 02:00:00,2024-12-30 15:00:00
U03,M0,52,target_cum_h4,cumulative,4,8,13225,1322,8203,ok,55.266629991569054,31.48763084411621,0.9349358081817627,16.11937713623047,32202740.0,9.912970651949088,4222334.671422151,6.206406484281381,27980405.32857785,35,2024-01-02 02:00:00,2024-12-30 15:00:00
U03,M0,62,target_cum_h4,cumulative,4,8,13225,1322,8203,ok,50.703917077788475,29.817747116088867,0.9452354907989502,15.264518737792969,41007592.0,9.912970651949088,4222334.671422151,5.351548085843881,36785257.32857785,35,2024-01-02 02:00:00,2024-12-30 15:00:00
U03,M1,42,target_cum_h4,cumulative,4,9,13225,1322,8203,ok,52.46098578274025,32.562129974365234,0.9413741827011108,16.669443130493164,104714800.0,9.912970651949088,4222334.671422151,6.756472478544076,100492465.32857785,35,2024-01-02 02:00:00,2024-12-30 15:00:00
U03,M1,52,target_cum_h4,cumulative,4,9,13225,1322,8203,ok,49.8117060005728,28.83366584777832,0.9471458792686462,14.760740280151367,32154350.0,9.912970651949088,4222334.671422151,4.847769628202279,27932015.32857785,35,2024-01-02 02:00:00,2024-12-30 15:00:00
U03,M1,62,target_cum_h4,cumulative,4,9,13225,1322,8203,ok,51.20199256834396,31.44879150390625,0.9441542625427246,16.09949493408203,82671008.0,9.912970651949088,4222334.671422151,6.186524282132943,78448673.32857785,35,2024-01-02 02:00:00,2024-12-30 15:00:00
U03,M2,42,target_cum_h4,cumulative,4,14,13225,1322,8203,ok,58.737727275310455,35.70734786987305,0.9265062808990479,18.279565811157227,19550570.0,9.912970651949088,4222334.671422151,8.366595159208138,15328235.32857785,35,2024-01-02 02:00:00,2024-12-30 15:00:00
U03,M2,52,target_cum_h4,cumulative,4,14,13225,1322,8203,ok,52.08579863957041,32.15066909790039,0.9422097206115723,16.458805084228516,11955198.0,9.912970651949088,4222334.671422151,6.5458344322794275,7732863.328577849,35,2024-01-02 02:00:00,2024-12-30 15:00:00
U03,M2,62,target_cum_h4,cumulative,4,14,13225,1322,8203,ok,59.87137498812559,36.69071578979492,0.9236419796943665,18.782978057861328,16846014.0,9.912970651949088,4222334.671422151,8.87000740591224,12623679.32857785,35,2024-01-02 02:00:00,2024-12-30 15:00:00
U03,M3,42,target_cum_h4,cumulative,4,15,13225,1322,8203,ok,57.89936042392869,35.06003189086914,0.9285892248153687,17.94818687438965,16156852.0,9.912970651949088,4222334.671422151,8.03521622244056,11934517.32857785,35,2024-01-02 02:00:00,2024-12-30 15:00:00
U03,M3,52,target_cum_h4,cumulative,4,15,13225,1322,8203,ok,53.515239505910834,33.19774627685547,0.9389942288398743,16.99483299255371,12513908.0,9.912970651949088,4222334.671422151,7.081862340604623,8291573.328577849,35,2024-01-02 02:00:00,2024-12-30 15:00:00
U03,M3,62,target_cum_h4,cumulative,4,15,13225,1322,8203,ok,57.167931248920056,35.06364440917969,0.9303820729255676,17.950035095214844,18051500.0,9.912970651949088,4222334.671422151,8.037064443265756,13829165.32857785,35,2024-01-02 02:00:00,2024-12-30 15:00:00
U03,M0,42,target_cum_h8,cumulative,8,8,13225,1322,8199,ok,112.44342327366239,67.76028442382812,0.9319266080856323,17.35127830505371,7546808.0,13.387519036451009,539948.9581021715,3.9637592686027023,7006859.041897829,35,2024-01-02 02:00:00,2024-12-30 11:00:00
U03,M0,52,target_cum_h8,cumulative,8,8,13225,1322,8199,ok,111.91860183856838,68.1473617553711,0.9325605630874634,17.450397491455078,10366583.0,13.387519036451009,539948.9581021715,4.0628784550040695,9826634.041897828,35,2024-01-02 02:00:00,2024-12-30 11:00:00
U03,M0,62,target_cum_h8,cumulative,8,8,13225,1322,8199,ok,114.56111905878015,70.26099395751953,0.9293383359909058,17.99163246154785,11046328.0,13.387519036451009,539948.9581021715,4.604113425096843,10506379.041897828,35,2024-01-02 02:00:00,2024-12-30 11:00:00
U03,M1,42,target_cum_h8,cumulative,8,9,13225,1322,8199,ok,127.7646571520759,74.15152740478516,0.912111759185791,18.98787498474121,8835162.0,13.387519036451009,539948.9581021715,5.600355948290202,8295213.041897829,35,2024-01-02 02:00:00,2024-12-30 11:00:00
U03,M1,52,target_cum_h8,cumulative,8,9,13225,1322,8199,ok,119.11924090879484,69.49490356445312,0.9236035346984863,17.795459747314453,8722797.0,13.387519036451009,539948.9581021715,4.4079407108634445,8182848.041897829,35,2024-01-02 02:00:00,2024-12-30 11:00:00
U03,M1,62,target_cum_h8,cumulative,8,9,13225,1322,8199,ok,113.49435558652245,67.97453308105469,0.930648148059845,17.40614128112793,7155795.5,13.387519036451009,539948.9581021715,4.018622244676921,6615846.541897829,35,2024-01-02 02:00:00,2024-12-30 11:00:00
U03,M2,42,target_cum_h8,cumulative,8,14,13225,1322,8199,ok,110.92882008297032,70.38721466064453,0.9337481260299683,18.02395248413086,5689474.0,13.387519036451009,539948.9581021715,4.636433447679851,5149525.041897829,35,2024-01-02 02:00:00,2024-12-30 11:00:00
U03,M2,52,target_cum_h8,cumulative,8,14,13225,1322,8199,ok,109.6240334549751,68.40164184570312,0.9352974891662598,17.51551055908203,3894196.5,13.387519036451009,539948.9581021715,4.127991522631023,3354247.5418978287,35,2024-01-02 02:00:00,2024-12-30 11:00:00
U03,M2,62,target_cum_h8,cumulative,8,14,13225,1322,8199,ok,118.81790410513686,73.67528533935547,0.9239895343780518,18.865924835205078,4945523.5,13.387519036451009,539948.9581021715,5.4784057987540695,4405574.541897829,35,2024-01-02 02:00:00,2024-12-30 11:00:00
U03,M3,42,target_cum_h8,cumulative,8,15,13225,1322,8199,ok,117.7920738260856,73.28239440917969,0.9252963662147522,18.765317916870117,5904811.5,13.387519036451009,539948.9581021715,5.377798880419109,5364862.541897829,35,2024-01-02 02:00:00,2024-12-30 11:00:00
U03,M3,52,target_cum_h8,cumulative,8,15,13225,1322,8199,ok,114.61796683030327,72.76119995117188,0.9292681813240051,18.63185691833496,7598831.0,13.387519036451009,539948.9581021715,5.244337881883952,7058882.041897829,35,2024-01-02 02:00:00,2024-12-30 11:00:00
U03,M3,62,target_cum_h8,cumulative,8,15,13225,1322,8199,ok,112.0305744400831,69.7767105102539,0.9324255585670471,17.86762237548828,3424002.0,13.387519036451009,539948.9581021715,4.480103339037273,2884053.0418978287,35,2024-01-02 02:00:00,2024-12-30 11:00:00
U05,M0,42,target_point_h1,point,1,8,15364,1536,8206,ok,11.365375177691561,6.213260650634766,0.9624032378196716,13.212776184082031,13218236.0,11.661151716361198,4352722.979432749,1.551624467720833,8865513.020567251,35,2024-01-02 02:00:00,2024-12-30 18:00:00
U05,M0,52,target_point_h1,point,1,8,15364,1536,8206,ok,12.035419960191005,6.582153797149658,0.9578395485877991,13.997243881225586,11872108.0,11.661151716361198,4352722.979432749,2.3360921648643878,7519385.020567251,35,2024-01-02 02:00:00,2024-12-30 18:00:00
U05,M0,62,target_point_h1,point,1,8,15364,1536,8206,ok,11.469256896580774,6.185554027557373,0.9617127776145935,13.153857231140137,11611840.0,11.661151716361198,4352722.979432749,1.4927055147789385,7259117.020567251,35,2024-01-02 02:00:00,2024-12-30 18:00:00
U05,M1,42,target_point_h1,point,1,9,15364,1536,8206,ok,12.256315510685132,6.890789031982422,0.9562777280807495,14.653571128845215,17281350.0,11.661151716361198,4352722.979432749,2.9924194124840167,12928627.020567251,28,2024-01-02 02:00:00,2024-12-30 18:00:00
U05,M1,52,target_point_h1,point,1,9,15364,1536,8206,ok,12.47472542439562,6.9209980964660645,0.954705536365509,14.717812538146973,12619398.0,11.661151716361198,4352722.979432749,3.0566608217857745,8266675.020567251,35,2024-01-02 02:00:00,2024-12-30 18:00:00
U05,M1,62,target_point_h1,point,1,9,15364,1536,8206,ok,12.039824841007798,6.692530632019043,0.9578086733818054,14.231966018676758,13531862.0,11.661151716361198,4352722.979432749,2.5708143023155596,9179139.020567251,35,2024-01-02 02:00:00,2024-12-30 18:00:00
U05,M2,42,target_point_h1,point,1,14,15364,1536,8206,ok,11.540820443063112,6.336080074310303,0.9612334966659546,13.473958015441895,13495588.0,11.661151716361198,4352722.979432749,1.8128062990806963,9142865.020567251,35,2024-01-02 02:00:00,2024-12-30 18:00:00
U05,M2,52,target_point_h1,point,1,14,15364,1536,8206,ok,12.224986794431453,6.636435031890869,0.9565009474754333,14.112675666809082,9868154.0,11.661151716361198,4352722.979432749,2.451523950447884,5515431.020567251,35,2024-01-02 02:00:00,2024-12-30 18:00:00
U05,M2,62,target_point_h1,point,1,14,15364,1536,8206,ok,11.547209325758784,6.046778678894043,0.9611905813217163,12.858745574951172,10314012.0,11.661151716361198,4352722.979432749,1.1975938585899737,5961289.020567251,35,2024-01-02 02:00:00,2024-12-30 18:00:00
U05,M3,42,target_point_h1,point,1,15,15364,1536,8206,ok,11.60228388434828,6.522124767303467,0.9608194828033447,13.869589805603027,11336651.0,11.661151716361198,4352722.979432749,2.208438089241829,6983928.020567251,35,2024-01-02 02:00:00,2024-12-30 18:00:00
U05,M3,52,target_point_h1,point,1,15,15364,1536,8206,ok,12.11234149652,6.568106174468994,0.9572988748550415,13.967371940612793,11380109.0,11.661151716361198,4352722.979432749,2.306220224251595,7027386.020567251,35,2024-01-02 02:00:00,2024-12-30 18:00:00
U05,M3,62,target_point_h1,point,1,15,15364,1536,8206,ok,11.882612177798649,6.552545070648193,0.9589033126831055,13.934280395507812,12904325.0,11.661151716361198,4352722.979432749,2.2731286791466143,8551602.020567251,35,2024-01-02 02:00:00,2024-12-30 18:00:00
U05,M0,42,target_point_h4,point,4,8,15364,1536,8203,ok,19.00006424742427,10.533172607421875,0.8948187232017517,22.422338485717773,13369864.0,32.54612406366109,6809521.409526641,-10.123785577943316,6560342.590473359,35,2024-01-02 02:00:00,2024-12-30 15:00:00
U05,M0,52,target_point_h4,point,4,8,15364,1536,8203,ok,18.96868001557312,10.535284996032715,0.8951659202575684,22.426836013793945,13244984.0,32.54612406366109,6809521.409526641,-10.119288049867144,6435462.590473359,35,2024-01-02 02:00:00,2024-12-30 15:00:00
U05,M0,62,target_point_h4,point,4,8,15364,1536,8203,ok,19.810590682103047,11.158707618713379,0.8856533765792847,23.753936767578125,17618796.0,32.54612406366109,6809521.409526641,-8.792187296082965,10809274.59047336,35,2024-01-02 02:00:00,2024-12-30 15:00:00
U05,M1,42,target_point_h4,point,4,9,15364,1536,8203,ok,18.34523142043023,10.283440589904785,0.9019438624382019,21.890722274780273,11895839.0,32.54612406366109,6809521.409526641,-10.655401788880816,5086317.590473359,35,2024-01-02 02:00:00,2024-12-30 15:00:00
U05,M1,52,target_point_h4,point,4,9,15364,1536,8203,ok,18.84584633473025,10.372565269470215,0.8965192437171936,22.080448150634766,10966427.0,32.54612406366109,6809521.409526641,-10.465675913026324,4156905.5904733595,35,2024-01-02 02:00:00,2024-12-30 15:00:00
U05,M1,62,target_point_h4,point,4,9,15364,1536,8203,ok,19.72748064076203,10.959155082702637,0.8866108059883118,23.32914161682129,14380334.0,32.54612406366109,6809521.409526641,-9.2169824468398,7570812.590473359,35,2024-01-02 02:00:00,2024-12-30 15:00:00
U05,M2,42,target_point_h4,point,4,14,15364,1536,8203,ok,20.92873825534969,10.977655410766602,0.8723812699317932,23.3685245513916,11567279.0,32.54612406366109,6809521.409526641,-9.177599512269488,4757757.590473359,35,2024-01-02 02:00:00,2024-12-30 15:00:00
U05,M2,52,target_point_h4,point,4,14,15364,1536,8203,ok,18.557968459919717,10.263473510742188,0.8996564745903015,21.84821891784668,9670524.0,32.54612406366109,6809521.409526641,-10.69790514581441,2861002.5904733595,35,2024-01-02 02:00:00,2024-12-30 15:00:00
U05,M2,62,target_point_h4,point,4,14,15364,1536,8203,ok,19.211154336159353,10.553363800048828,0.8924685716629028,22.46531867980957,14015030.0,32.54612406366109,6809521.409526641,-10.08080538385152,7205508.590473359,35,2024-01-02 02:00:00,2024-12-30 15:00:00
U05,M3,42,target_point_h4,point,4,15,15364,1536,8203,ok,18.749431143714485,10.38394832611084,0.897575318813324,22.104679107666016,11135423.0,32.54612406366109,6809521.409526641,-10.441444955995074,4325901.590473359,35,2024-01-02 02:00:00,2024-12-30 15:00:00
U05,M3,52,target_point_h4,point,4,15,15364,1536,8203,ok,18.17670259122495,10.124354362487793,0.9037371873855591,21.552072525024414,11030495.0,32.54612406366109,6809521.409526641,-10.994051538636676,4220973.590473359,35,2024-01-02 02:00:00,2024-12-30 15:00:00
U05,M3,62,target_point_h4,point,4,15,15364,1536,8203,ok,18.61081313974906,10.274835586547852,0.899084210395813,21.872407913208008,10633823.0,32.54612406366109,6809521.409526641,-10.673716150453082,3824301.5904733595,35,2024-01-02 02:00:00,2024-12-30 15:00:00
U05,M0,42,target_point_h8,point,8,8,15364,1536,8199,ok,21.031828964449186,11.888970375061035,0.8703655004501343,25.34646224975586,25676406.0,52.00576454665609,16730115.838286167,-26.65930229690023,8946290.161713833,35,2024-01-02 02:00:00,2024-12-30 11:00:00
U05,M0,52,target_point_h8,point,8,8,15364,1536,8199,ok,21.983494896207073,12.070980072021484,0.8583683967590332,25.734495162963867,23579232.0,52.00576454665609,16730115.838286167,-26.27126938369222,6849116.161713833,35,2024-01-02 02:00:00,2024-12-30 11:00:00
U05,M0,62,target_point_h8,point,8,8,15364,1536,8199,ok,21.58540874307153,11.982877731323242,0.8634514212608337,25.546667098999023,26897260.0,52.00576454665609,16730115.838286167,-26.459097447657065,10167144.161713833,35,2024-01-02 02:00:00,2024-12-30 11:00:00
U05,M1,42,target_point_h8,point,8,9,15364,1536,8199,ok,21.011933342113892,11.810310363769531,0.8706105947494507,25.178762435913086,18725670.0,52.00576454665609,16730115.838286167,-26.827002110743003,1995554.161713833,35,2024-01-02 02:00:00,2024-12-30 11:00:00
U05,M1,52,target_point_h8,point,8,9,15364,1536,8199,ok,21.589468104996023,11.89802360534668,0.8634000420570374,25.365764617919922,15423392.0,52.00576454665609,16730115.838286167,-26.639999928736167,-1306723.838286167,35,2024-01-02 02:00:00,2024-12-30 11:00:00
U05,M1,62,target_point_h8,point,8,9,15364,1536,8199,ok,20.87221193254398,11.616994857788086,0.8723256587982178,24.76662826538086,15074511.0,52.00576454665609,16730115.838286167,-27.23913628127523,-1655604.838286167,35,2024-01-02 02:00:00,2024-12-30 11:00:00
U05,M2,42,target_point_h8,point,8,14,15364,1536,8199,ok,21.559366988194263,12.058675765991211,0.863780677318573,25.708263397216797,20201428.0,52.00576454665609,16730115.838286167,-26.29750114943929,3471312.161713833,35,2024-01-02 02:00:00,2024-12-30 11:00:00
U05,M2,52,target_point_h8,point,8,14,15364,1536,8199,ok,21.3092972930373,11.785001754760742,0.8669224381446838,25.124807357788086,16564448.0,52.00576454665609,16730115.838286167,-26.880957188868003,-165667.838286167,35,2024-01-02 02:00:00,2024-12-30 11:00:00
U05,M2,62,target_point_h8,point,8,14,15364,1536,8199,ok,21.340258825246604,11.952193260192871,0.8665354251861572,25.481246948242188,17747200.0,52.00576454665609,16730115.838286167,-26.5245175984139,1017084.161713833,35,2024-01-02 02:00:00,2024-12-30 11:00:00
U05,M3,42,target_point_h8,point,8,15,15364,1536,8199,ok,21.481827974021876,11.968642234802246,0.8647587895393372,25.51631736755371,18763726.0,52.00576454665609,16730115.838286167,-26.489447179102378,2033610.161713833,35,2024-01-02 02:00:00,2024-12-30 11:00:00
U05,M3,52,target_point_h8,point,8,15,15364,1536,8199,ok,21.43206629273463,11.881312370300293,0.865384578704834,25.330135345458984,15887125.0,52.00576454665609,16730115.838286167,-26.675629201197104,-842990.838286167,35,2024-01-02 02:00:00,2024-12-30 11:00:00
U05,M3,62,target_point_h8,point,8,15,15364,1536,8199,ok,21.24347182583025,11.782530784606934,0.8677433133125305,25.119539260864258,18341284.0,52.00576454665609,16730115.838286167,-26.88622528579183,1611168.161713833,35,2024-01-02 02:00:00,2024-12-30 11:00:00
U05,M0,42,target_cum_h4,cumulative,4,8,15364,1536,8203,ok,60.66789518237282,32.82574462890625,0.9307055473327637,17.461315155029297,3276438.25,21.197232831261676,1295629.9077598478,-3.735917676232379,1980808.3422401522,35,2024-01-02 02:00:00,2024-12-30 15:00:00
U05,M0,52,target_cum_h4,cumulative,4,8,15364,1536,8203,ok,61.01102935637949,32.64735412597656,0.9299194812774658,17.36642074584961,3363803.5,21.197232831261676,1295629.9077598478,-3.8308120854120666,2068173.5922401522,35,2024-01-02 02:00:00,2024-12-30 15:00:00
U05,M0,62,target_cum_h4,cumulative,4,8,15364,1536,8203,ok,60.22308178828218,32.897491455078125,0.9317179918289185,17.49947738647461,3197358.25,21.197232831261676,1295629.9077598478,-3.6977554447870666,1901728.3422401522,35,2024-01-02 02:00:00,2024-12-30 15:00:00
U05,M1,42,target_cum_h4,cumulative,4,9,15364,1536,8203,ok,60.59460417139054,33.226680755615234,0.930872917175293,17.67458724975586,2674567.5,21.197232831261676,1295629.9077598478,-3.5226455815058166,1378937.5922401522,35,2024-01-02 02:00:00,2024-12-30 15:00:00
U05,M1,52,target_cum_h4,cumulative,4,9,15364,1536,8203,ok,59.77157241649767,33.57741928100586,0.9327380061149597,17.86115837097168,3980609.0,21.197232831261676,1295629.9077598478,-3.3360744602899963,2684979.092240152,35,2024-01-02 02:00:00,2024-12-30 15:00:00
U05,M1,62,target_cum_h4,cumulative,4,9,15364,1536,8203,ok,58.177506946010716,32.094932556152344,0.9362778067588806,17.07256507873535,3457180.5,21.197232831261676,1295629.9077598478,-4.1246677525263244,2161550.592240152,35,2024-01-02 02:00:00,2024-12-30 15:00:00
U05,M2,42,target_cum_h4,cumulative,4,14,15364,1536,8203,ok,57.299305835400396,31.23849105834961,0.9381870627403259,16.61699104309082,2228493.25,21.197232831261676,1295629.9077598478,-4.580241788170856,932863.3422401522,35,2024-01-02 02:00:00,2024-12-30 15:00:00
U05,M2,52,target_cum_h4,cumulative,4,14,15364,1536,8203,ok,59.31774377505014,31.79488182067871,0.9337555170059204,16.91295623779297,2755819.75,21.197232831261676,1295629.9077598478,-4.284276593468707,1460189.8422401522,35,2024-01-02 02:00:00,2024-12-30 15:00:00
U05,M2,62,target_cum_h4,cumulative,4,14,15364,1536,8203,ok,57.95756925531276,31.677827835083008,0.9367586970329285,16.850690841674805,2374608.0,21.197232831261676,1295629.9077598478,-4.346541989586871,1078978.0922401522,35,2024-01-02 02:00:00,2024-12-30 15:00:00
U05,M3,42,target_cum_h4,cumulative,4,15,15364,1536,8203,ok,58.16669161704038,31.948278427124023,0.9363014698028564,16.99455451965332,2978517.5,21.197232831261676,1295629.9077598478,-4.202678311608356,1682887.5922401522,35,2024-01-02 02:00:00,2024-12-30 15:00:00
U05,M3,52,target_cum_h4,cumulative,4,15,15364,1536,8203,ok,59.94547286323526,32.5532341003418,0.9323460459709167,17.316354751586914,2540122.5,21.197232831261676,1295629.9077598478,-3.880878079674762,1244492.5922401522,35,2024-01-02 02:00:00,2024-12-30 15:00:00
U05,M3,62,target_cum_h4,cumulative,4,15,15364,1536,8203,ok,58.93833675174843,32.139888763427734,0.9346002340316772,17.096479415893555,2442304.0,21.197232831261676,1295629.9077598478,-4.100753415368121,1146674.0922401522,35,2024-01-02 02:00:00,2024-12-30 15:00:00
U05,M0,42,target_cum_h8,cumulative,8,8,15364,1536,8199,ok,125.06093827110845,67.20682525634766,0.9221380352973938,17.888484954833984,13802114.0,32.27804613959487,8528724.510926869,-14.389561184760886,5273389.489073131,35,2024-01-02 02:00:00,2024-12-30 11:00:00
U05,M0,52,target_cum_h8,cumulative,8,8,15364,1536,8199,ok,130.79734443978595,69.14570617675781,0.9148313403129578,18.404558181762695,19215864.0,32.27804613959487,8528724.510926869,-13.873487957832175,10687139.489073131,35,2024-01-02 02:00:00,2024-12-30 11:00:00
U05,M0,62,target_cum_h8,cumulative,8,8,15364,1536,8199,ok,129.263433175241,68.68682098388672,0.9168172478675842,18.28241729736328,14953591.0,32.27804613959487,8528724.510926869,-13.99562884223159,6424866.489073131,35,2024-01-02 02:00:00,2024-12-30 11:00:00
U05,M1,42,target_cum_h8,cumulative,8,9,15364,1536,8199,ok,127.90826943800388,68.35643005371094,0.9185522198677063,18.194475173950195,22128410.0,32.27804613959487,8528724.510926869,-14.083570965644675,13599685.489073131,35,2024-01-02 02:00:00,2024-12-30 11:00:00
U05,M1,52,target_cum_h8,cumulative,8,9,15364,1536,8199,ok,125.02218943676559,68.64073181152344,0.9221863150596619,18.27014923095703,20139466.0,32.27804613959487,8528724.510926869,-14.00789690863784,11610741.489073131,35,2024-01-02 02:00:00,2024-12-30 11:00:00
U05,M1,62,target_cum_h8,cumulative,8,9,15364,1536,8199,ok,129.15880940483697,69.24398803710938,0.9169518351554871,18.43071746826172,17037496.0,32.27804613959487,8528724.510926869,-13.847328671333152,8508771.489073131,35,2024-01-02 02:00:00,2024-12-30 11:00:00
U05,M2,42,target_cum_h8,cumulative,8,14,15364,1536,8199,ok,130.59160009596712,70.3245849609375,0.9150990843772888,18.718339920043945,11809579.0,32.27804613959487,8528724.510926869,-13.559706219550925,3280854.4890731312,35,2024-01-02 02:00:00,2024-12-30 11:00:00
U05,M2,52,target_cum_h8,cumulative,8,14,15364,1536,8199,ok,126.24365315110894,67.4054183959961,0.9206584095954895,17.941343307495117,13677055.0,32.27804613959487,8528724.510926869,-14.336702832099753,5148330.489073131,35,2024-01-02 02:00:00,2024-12-30 11:00:00
U05,M2,62,target_cum_h8,cumulative,8,14,15364,1536,8199,ok,127.64389092559423,67.47235870361328,0.9188885688781738,17.959163665771484,17309188.0,32.27804613959487,8528724.510926869,-14.318882473823386,8780463.489073131,35,2024-01-02 02:00:00,2024-12-30 11:00:00
U05,M3,42,target_cum_h8,cumulative,8,15,15364,1536,8199,ok,132.6469703762585,70.7088851928711,0.9124055504798889,18.820629119873047,18285250.0,32.27804613959487,8528724.510926869,-13.457417019721824,9756525.489073131,35,2024-01-02 02:00:00,2024-12-30 11:00:00
U05,M3,52,target_cum_h8,cumulative,8,15,15364,1536,8199,ok,124.03000597763632,66.24955749511719,0.9234164357185364,17.63368797302246,11049437.0,32.27804613959487,8528724.510926869,-14.64435816657241,2520712.4890731312,35,2024-01-02 02:00:00,2024-12-30 11:00:00
U05,M3,62,target_cum_h8,cumulative,8,15,15364,1536,8199,ok,129.00037851204158,69.74787139892578,0.9171554446220398,18.564836502075195,14419467.0,32.27804613959487,8528724.510926869,-13.713209637519675,5890742.489073131,35,2024-01-02 02:00:00,2024-12-30 11:00:00
U06,M0,42,target_point_h1,point,1,8,15364,1536,8206,ok,8.308415606928973,4.917404651641846,0.9792483448982239,8.37148666381836,4449469.5,5.80132016779218,666212.8169065341,2.5701664960261796,3783256.683093466,35,2024-01-02 02:00:00,2024-12-30 18:00:00
U06,M0,52,target_point_h1,point,1,8,15364,1536,8206,ok,8.378217392283592,4.987355709075928,0.9788981676101685,8.490572929382324,2621159.25,5.80132016779218,666212.8169065341,2.6892527615901445,1954946.4330934659,35,2024-01-02 02:00:00,2024-12-30 18:00:00
U06,M0,62,target_point_h1,point,1,8,15364,1536,8206,ok,9.216329379633017,5.212777614593506,0.9744651913642883,8.874335289001465,2494966.5,5.80132016779218,666212.8169065341,3.073015121209285,1828753.6830934659,35,2024-01-02 02:00:00,2024-12-30 18:00:00
U06,M1,42,target_point_h1,point,1,9,15364,1536,8206,ok,8.829735317043369,5.049527645111084,0.9765624403953552,8.596415519714355,2514468.25,5.80132016779218,666212.8169065341,2.7950953519221757,1848255.4330934659,35,2024-01-02 02:00:00,2024-12-30 18:00:00
U06,M1,52,target_point_h1,point,1,9,15364,1536,8206,ok,8.472761604635432,4.997189998626709,0.9784192442893982,8.507314682006836,3733152.75,5.80132016779218,666212.8169065341,2.705994514214656,3066939.933093466,35,2024-01-02 02:00:00,2024-12-30 18:00:00
U06,M1,62,target_point_h1,point,1,9,15364,1536,8206,ok,8.468879276429112,5.000328063964844,0.9784390330314636,8.512657165527344,3745193.25,5.80132016779218,666212.8169065341,2.711336997735164,3078980.433093466,35,2024-01-02 02:00:00,2024-12-30 18:00:00
U06,M2,42,target_point_h1,point,1,14,15364,1536,8206,ok,9.710217032555757,5.604078769683838,0.9716551303863525,9.540493965148926,1469910.0,5.80132016779218,666212.8169065341,3.739173797356746,803697.1830934659,35,2024-01-02 02:00:00,2024-12-30 18:00:00
U06,M2,52,target_point_h1,point,1,14,15364,1536,8206,ok,9.047494396029842,5.368192195892334,0.9753921627998352,9.138916015625,1469557.875,5.80132016779218,666212.8169065341,3.3375958478328203,803345.0580934659,35,2024-01-02 02:00:00,2024-12-30 18:00:00
U06,M2,62,target_point_h1,point,1,14,15364,1536,8206,ok,9.481973510576447,5.513418674468994,0.9729719758033752,9.386152267456055,1341149.375,5.80132016779218,666212.8169065341,3.584832099663875,674936.5580934659,35,2024-01-02 02:00:00,2024-12-30 18:00:00
U06,M3,42,target_point_h1,point,1,15,15364,1536,8206,ok,9.674291650829662,5.51171875,0.9718644618988037,9.383258819580078,1507518.875,5.80132016779218,666212.8169065341,3.5819386517878984,841306.0580934659,35,2024-01-02 02:00:00,2024-12-30 18:00:00
U06,M3,52,target_point_h1,point,1,15,15364,1536,8206,ok,9.466692307486754,5.48363733291626,0.9730590581893921,9.335451126098633,1308487.875,5.80132016779218,666212.8169065341,3.534130958306453,642275.0580934659,35,2024-01-02 02:00:00,2024-12-30 18:00:00
U06,M3,62,target_point_h1,point,1,15,15364,1536,8206,ok,8.921887826993844,5.414576053619385,0.9760707020759583,9.217880249023438,3034245.25,5.80132016779218,666212.8169065341,3.4165600812312578,2368032.433093466,32,2024-01-02 02:00:00,2024-12-30 18:00:00
U06,M0,42,target_point_h4,point,4,8,15364,1536,8203,ok,18.622475677035986,11.041029930114746,0.895601212978363,18.812767028808594,6550176.0,15.101515857699143,4628875.007218225,3.711251171109451,1921300.992781775,35,2024-01-02 02:00:00,2024-12-30 15:00:00
U06,M0,52,target_point_h4,point,4,8,15364,1536,8203,ok,18.320002662625182,10.775193214416504,0.8989650011062622,18.35980796813965,5610951.5,15.101515857699143,4628875.007218225,3.2582921104405056,982076.4927817751,35,2024-01-02 02:00:00,2024-12-30 15:00:00
U06,M0,62,target_point_h4,point,4,8,15364,1536,8203,ok,17.205090430414774,10.55255126953125,0.9108883142471313,17.980449676513672,6764484.5,15.101515857699143,4628875.007218225,2.878933818814529,2135609.492781775,35,2024-01-02 02:00:00,2024-12-30 15:00:00
U06,M1,42,target_point_h4,point,4,9,15364,1536,8203,ok,19.260899220169634,11.11952018737793,0.8883204460144043,18.946504592895508,5261865.0,15.101515857699143,4628875.007218225,3.844988735196365,632989.9927817751,35,2024-01-02 02:00:00,2024-12-30 15:00:00
U06,M1,52,target_point_h4,point,4,9,15364,1536,8203,ok,18.356011161250507,11.018885612487793,0.8985674381256104,18.775035858154297,15952691.0,15.101515857699143,4628875.007218225,3.673520000455154,11323815.992781775,35,2024-01-02 02:00:00,2024-12-30 15:00:00
U06,M1,62,target_point_h4,point,4,9,15364,1536,8203,ok,18.291138151117913,10.754170417785645,0.8992831707000732,18.32398796081543,6809626.5,15.101515857699143,4628875.007218225,3.222472103116287,2180751.492781775,35,2024-01-02 02:00:00,2024-12-30 15:00:00
U06,M2,42,target_point_h4,point,4,14,15364,1536,8203,ok,18.366865991709687,11.188650131225586,0.8984474539756775,19.06429672241211,5074060.5,15.101515857699143,4628875.007218225,3.9627808647129665,445185.4927817751,35,2024-01-02 02:00:00,2024-12-30 15:00:00
U06,M2,52,target_point_h4,point,4,14,15364,1536,8203,ok,19.45347248058131,11.374459266662598,0.8860760927200317,19.380895614624023,6165430.5,15.101515857699143,4628875.007218225,4.279379756924881,1536555.492781775,35,2024-01-02 02:00:00,2024-12-30 15:00:00
U06,M2,62,target_point_h4,point,4,14,15364,1536,8203,ok,17.602522131796643,10.89273452758789,0.9067238569259644,18.560087203979492,6172623.5,15.101515857699143,4628875.007218225,3.4585713462803493,1543748.492781775,35,2024-01-02 02:00:00,2024-12-30 15:00:00
U06,M3,42,target_point_h4,point,4,15,15364,1536,8203,ok,18.93723651967079,11.163273811340332,0.8920422196388245,19.021059036254883,4325459.0,15.101515857699143,4628875.007218225,3.91954317855574,-303416.0072182249,35,2024-01-02 02:00:00,2024-12-30 15:00:00
U06,M3,52,target_point_h4,point,4,15,15364,1536,8203,ok,19.05279754362286,11.35647964477539,0.8907206058502197,19.35025978088379,6310463.5,15.101515857699143,4628875.007218225,4.248743923184646,1681588.492781775,35,2024-01-02 02:00:00,2024-12-30 15:00:00
U06,M3,62,target_point_h4,point,4,15,15364,1536,8203,ok,18.61088037047314,11.148569107055664,0.8957311511039734,18.996002197265625,7898601.5,15.101515857699143,4628875.007218225,3.894486339566482,3269726.492781775,35,2024-01-02 02:00:00,2024-12-30 15:00:00
U06,M0,42,target_point_h8,point,8,8,15364,1536,8199,ok,22.854991729875035,14.014450073242188,0.8421892523765564,23.91533088684082,20449776.0,21.791434714914875,27859673.01313432,2.1238961719259457,-7409897.013134319,35,2024-01-02 02:00:00,2024-12-30 11:00:00
U06,M0,52,target_point_h8,point,8,8,15364,1536,8199,ok,22.19292957333202,13.62966251373291,0.851199746131897,23.258697509765625,16666216.0,21.791434714914875,27859673.01313432,1.4672627948507504,-11193457.01313432,35,2024-01-02 02:00:00,2024-12-30 11:00:00
U06,M0,62,target_point_h8,point,8,8,15364,1536,8199,ok,20.35190663696563,12.850594520568848,0.8748632669448853,21.929237365722656,21718750.0,21.791434714914875,27859673.01313432,0.13780265080778165,-6140923.013134319,35,2024-01-02 02:00:00,2024-12-30 11:00:00
U06,M1,42,target_point_h8,point,8,9,15364,1536,8199,ok,22.464109830321565,13.68643569946289,0.847541093826294,23.355581283569336,20340450.0,21.791434714914875,27859673.01313432,1.5641465686544613,-7519223.013134319,35,2024-01-02 02:00:00,2024-12-30 11:00:00
U06,M1,52,target_point_h8,point,8,9,15364,1536,8199,ok,21.27075546006293,13.355813980102539,0.8633089065551758,22.791383743286133,22997318.0,21.791434714914875,27859673.01313432,0.9999490283712582,-4862355.013134319,35,2024-01-02 02:00:00,2024-12-30 11:00:00
U06,M1,62,target_point_h8,point,8,9,15364,1536,8199,ok,22.969988274444656,13.925883293151855,0.8405971527099609,23.764192581176758,28633904.0,21.791434714914875,27859673.01313432,1.9727578662618832,774230.9868656807,35,2024-01-02 02:00:00,2024-12-30 11:00:00
U06,M2,42,target_point_h8,point,8,14,15364,1536,8199,ok,23.64547310665405,14.4240140914917,0.831084132194519,24.614240646362305,20066340.0,21.791434714914875,27859673.01313432,2.82280593144743,-7793333.013134319,35,2024-01-02 02:00:00,2024-12-30 11:00:00
U06,M2,52,target_point_h8,point,8,14,15364,1536,8199,ok,23.10852717765268,14.199637413024902,0.8386685848236084,24.231348037719727,23222380.0,21.791434714914875,27859673.01313432,2.439913322804852,-4637293.013134319,35,2024-01-02 02:00:00,2024-12-30 11:00:00
U06,M2,62,target_point_h8,point,8,14,15364,1536,8199,ok,21.883957429437608,13.529008865356445,0.8553141355514526,23.08693504333496,20328524.0,21.791434714914875,27859673.01313432,1.2955003284200863,-7531149.013134319,35,2024-01-02 02:00:00,2024-12-30 11:00:00
U06,M3,42,target_point_h8,point,8,15,15364,1536,8199,ok,22.032137892126045,13.624174118041992,0.8533480763435364,23.249332427978516,20929068.0,21.791434714914875,27859673.01313432,1.457897713063641,-6930605.013134319,35,2024-01-02 02:00:00,2024-12-30 11:00:00
U06,M3,52,target_point_h8,point,8,15,15364,1536,8199,ok,22.163984016868447,13.975578308105469,0.8515876531600952,23.848997116088867,20943568.0,21.791434714914875,27859673.01313432,2.0575624011739926,-6916105.013134319,35,2024-01-02 02:00:00,2024-12-30 11:00:00
U06,M3,62,target_point_h8,point,8,15,15364,1536,8199,ok,23.283841351168974,14.445664405822754,0.8362113833427429,24.651185989379883,21024070.0,21.791434714914875,27859673.01313432,2.859751274465008,-6835603.013134319,35,2024-01-02 02:00:00,2024-12-30 11:00:00
U06,M0,42,target_cum_h4,cumulative,4,8,15364,1536,8203,ok,56.50656980954184,31.77945327758789,0.939367413520813,13.533430099487305,41947568.0,9.996852895937325,4104737.640740919,3.53657720354998,37842830.359259084,35,2024-01-02 02:00:00,2024-12-30 15:00:00
U06,M0,52,target_cum_h4,cumulative,4,8,15364,1536,8203,ok,56.3459879789868,31.946147918701172,0.9397115707397461,13.60441780090332,56487624.0,9.996852895937325,4104737.640740919,3.6075649049659955,52382886.359259084,35,2024-01-02 02:00:00,2024-12-30 15:00:00
U06,M0,62,target_cum_h4,cumulative,4,8,15364,1536,8203,ok,63.19036683654796,35.192596435546875,0.9241754412651062,14.986933708190918,48531172.0,9.996852895937325,4104737.640740919,4.990080812253593,44426434.359259084,35,2024-01-02 02:00:00,2024-12-30 15:00:00
U06,M1,42,target_cum_h4,cumulative,4,9,15364,1536,8203,ok,63.82622204935641,34.248992919921875,0.9226418137550354,14.58509635925293,24655182.0,9.996852895937325,4104737.640740919,4.588243463315605,20550444.35925908,35,2024-01-02 02:00:00,2024-12-30 15:00:00
U06,M1,52,target_cum_h4,cumulative,4,9,15364,1536,8203,ok,56.71362967590441,32.94981002807617,0.9389222860336304,14.031831741333008,75965960.0,9.996852895937325,4104737.640740919,4.034978845395683,71861222.35925908,35,2024-01-02 02:00:00,2024-12-30 15:00:00
U06,M1,62,target_cum_h4,cumulative,4,9,15364,1536,8203,ok,64.23786592010003,34.3870964050293,0.9216407537460327,14.643906593322754,48270336.0,9.996852895937325,4104737.640740919,4.647053697385429,44165598.359259084,35,2024-01-02 02:00:00,2024-12-30 15:00:00
U06,M2,42,target_cum_h4,cumulative,4,14,15364,1536,8203,ok,71.09281592792973,39.074256896972656,0.9040246605873108,16.639955520629883,22576574.0,9.996852895937325,4104737.640740919,6.643102624692558,18471836.35925908,35,2024-01-02 02:00:00,2024-12-30 15:00:00
U06,M2,52,target_cum_h4,cumulative,4,14,15364,1536,8203,ok,73.43035537053971,38.51288604736328,0.8976095914840698,16.400896072387695,18535664.0,9.996852895937325,4104737.640740919,6.4040431764503705,14430926.35925908,35,2024-01-02 02:00:00,2024-12-30 15:00:00
U06,M2,62,target_cum_h4,cumulative,4,14,15364,1536,8203,ok,64.54420269522663,37.34383773803711,0.9208915829658508,15.90304946899414,22775598.0,9.996852895937325,4104737.640740919,5.906196573056816,18670860.35925908,35,2024-01-02 02:00:00,2024-12-30 15:00:00
U06,M3,42,target_cum_h4,cumulative,4,15,15364,1536,8203,ok,68.47360634306477,37.45791244506836,0.9109662771224976,15.951627731323242,18550704.0,9.996852895937325,4104737.640740919,5.954774835385917,14445966.35925908,35,2024-01-02 02:00:00,2024-12-30 15:00:00
U06,M3,52,target_cum_h4,cumulative,4,15,15364,1536,8203,ok,68.2900952508854,36.7612190246582,0.9114428758621216,15.654938697814941,11882402.0,9.996852895937325,4104737.640740919,5.658085801877617,7777664.359259081,35,2024-01-02 02:00:00,2024-12-30 15:00:00
U06,M3,62,target_cum_h4,cumulative,4,15,15364,1536,8203,ok,63.648396744954425,34.381099700927734,0.9230722188949585,14.641353607177734,23894418.0,9.996852895937325,4104737.640740919,4.6445007112404095,19789680.35925908,35,2024-01-02 02:00:00,2024-12-30 15:00:00
U06,M0,42,target_cum_h8,cumulative,8,8,15364,1536,8199,ok,137.02370632029334,78.61608123779297,0.9094989895820618,16.754423141479492,7677133.5,13.802570689033578,652249.1641283,2.951852452445914,7024884.3358717,35,2024-01-02 02:00:00,2024-12-30 11:00:00
U06,M0,52,target_cum_h8,cumulative,8,8,15364,1536,8199,ok,137.14172072166807,77.3702621459961,0.9093430042266846,16.48891830444336,7497931.0,13.802570689033578,652249.1641283,2.6863476154097814,6845681.8358717,35,2024-01-02 02:00:00,2024-12-30 11:00:00
U06,M0,62,target_cum_h8,cumulative,8,8,15364,1536,8199,ok,140.6435335009221,78.94163513183594,0.9046542048454285,16.82380485534668,8175188.5,13.802570689033578,652249.1641283,3.0212341663131017,7522939.3358717,35,2024-01-02 02:00:00,2024-12-30 11:00:00
U06,M1,42,target_cum_h8,cumulative,8,9,15364,1536,8199,ok,139.35092981614798,80.634033203125,0.9063987135887146,17.18448257446289,4746627.5,13.802570689033578,652249.1641283,3.3819118854293126,4094378.3358717,35,2024-01-02 02:00:00,2024-12-30 11:00:00
U06,M1,52,target_cum_h8,cumulative,8,9,15364,1536,8199,ok,130.69450901816802,75.20217895507812,0.9176664352416992,16.02686309814453,7430344.5,13.802570689033578,652249.1641283,2.2242924091109533,6778095.3358717,35,2024-01-02 02:00:00,2024-12-30 11:00:00
U06,M1,62,target_cum_h8,cumulative,8,9,15364,1536,8199,ok,131.78274320353935,76.88834381103516,0.9162896275520325,16.386213302612305,18229464.0,13.802570689033578,652249.1641283,2.5836426135787267,17577214.8358717,35,2024-01-02 02:00:00,2024-12-30 11:00:00
U06,M2,42,target_cum_h8,cumulative,8,14,15364,1536,8199,ok,153.5706652285846,87.16027069091797,0.8863214254379272,18.575334548950195,3985586.0,13.802570689033578,652249.1641283,4.772763859916617,3333336.8358717,35,2024-01-02 02:00:00,2024-12-30 11:00:00
U06,M2,52,target_cum_h8,cumulative,8,14,15364,1536,8199,ok,149.30752921822128,82.65701293945312,0.8925452828407288,17.615615844726562,3450193.75,13.802570689033578,652249.1641283,3.8130451556929845,2797944.5858717,35,2024-01-02 02:00:00,2024-12-30 11:00:00
U06,M2,62,target_cum_h8,cumulative,8,14,15364,1536,8199,ok,133.57960816962296,78.8974838256836,0.9139912724494934,16.814395904541016,5526256.5,13.802570689033578,652249.1641283,3.0118252155074376,4874007.3358717,35,2024-01-02 02:00:00,2024-12-30 11:00:00
U06,M3,42,target_cum_h8,cumulative,8,15,15364,1536,8199,ok,147.55242050496832,84.7191162109375,0.8950567245483398,18.055086135864258,3219241.75,13.802570689033578,652249.1641283,4.25251544683068,2566992.5858717,35,2024-01-02 02:00:00,2024-12-30 11:00:00
U06,M3,52,target_cum_h8,cumulative,8,15,15364,1536,8199,ok,136.91826513699698,82.83409118652344,0.9096382260322571,17.653352737426758,12209636.0,13.802570689033578,652249.1641283,3.85078204839318,11557386.8358717,35,2024-01-02 02:00:00,2024-12-30 11:00:00
U06,M3,62,target_cum_h8,cumulative,8,15,15364,1536,8199,ok,145.39754231932534,84.26756286621094,0.8980995416641235,17.958850860595703,3825991.75,13.802570689033578,652249.1641283,4.156280171562125,3173742.5858717,35,2024-01-02 02:00:00,2024-12-30 11:00:00
